"Category Group","Category","Mar 2022","Apr 2022","May 2022","Jun 2022","Jul 2022","Aug 2022","Sep 2022","Oct 2022","Nov 2022","Dec 2022","Jan 2023","Feb 2023","Mar 2023","Apr 2023","May 2023","Jun 2023","Jul 2023","Aug 2023","Sep 2023","Oct 2023","Nov 2023","Dec 2023","Jan 2024","Feb 2024","Mar 2024","Apr 2024","May 2024","Jun 2024","Jul 2024","Aug 2024","Sep 2024","Oct 2024","Nov 2024","Dec 2024","Jan 2025","Feb 2025","Mar 2025","Apr 2025","May 2025","Jun 2025","Jul 2025","Aug 2025","Sep 2025","Oct 2025","Nov 2025","Average","Total"
"","Uncategorized",0.00,0.00,0.00,0.00,0.00,0.00,0.00,0.00,0.00,0.00,0.00,0.00,0.00,0.00,0.00,0.00,0.00,0.00,0.00,0.00,0.00,0.00,0.00,0.00,0.00,0.00,0.00,0.00,0.00,0.00,0.00,0.00,0.00,0.00,0.00,0.00,0.00,0.00,0.00,0.00,0.00,0.00,0.00,0.00,-607.68,-13.50,-607.68
"Day to Day Variables","Essentials, Food, Home",-366.02,-1863.23,-1854.93,-1827.26,-1810.30,-2117.72,-1864.07,-1325.01,-1632.32,-816.06,-1272.30,-1400.01,-1352.52,-1317.32,-1581.98,-1768.22,-1249.69,-1413.81,-1457.97,-1850.91,-1622.94,-1851.61,-1114.45,-1811.41,-1752.62,-1638.93,-2795.74,-2134.87,-2613.24,-2634.13,-2361.96,-2483.78,-2198.55,-3049.83,-3265.74,-2438.75,-1917.60,-2992.31,-1769.30,-2333.70,-2649.06,-1464.13,-1172.01,-1568.85,-333.31,-1824.68,-82110.47
"Day to Day Variables","Household Goods 🏠",-30.93,-597.77,-338.67,-434.17,-598.34,-757.39,-610.46,-900.10,-344.10,-102.77,-358.35,-428.59,-137.86,-185.08,-503.28,-450.71,-122.52,-345.40,-413.48,-209.91,-342.42,-611.66,-308.79,-511.88,-169.47,-412.19,0.00,0.00,0.00,0.00,0.00,0.00,0.00,0.00,0.00,0.00,0.00,0.00,0.00,0.00,0.00,0.00,0.00,0.00,0.00,-227.25,-10226.29
"Day to Day Variables","Eating Out  🍕",-217.47,-817.10,-678.71,-1165.98,-885.91,-1089.22,-813.93,-1103.18,-917.86,-757.26,-1046.51,-1101.93,-1447.59,-1026.50,-1442.72,-960.56,-679.11,-720.92,-1419.81,-1105.14,-835.14,-997.82,-602.26,-847.47,-690.51,-787.70,-865.17,-848.47,-925.19,-638.55,-1061.20,-1253.91,-1078.93,-1157.37,-1262.99,-1021.62,-1382.35,-1159.05,-1773.20,-1678.63,-1335.82,-686.59,-513.05,-820.10,-297.45,-975.95,-43917.95
"Day to Day Variables","Fuel/Gasoline 🚘",-137.64,-509.38,-590.50,-496.27,-414.54,-539.93,-334.55,-328.83,-376.70,-257.99,-418.67,-363.68,-377.34,-428.11,-406.03,-448.87,-295.31,-324.83,-584.56,-435.09,-445.22,-229.05,-228.09,-451.40,-315.71,-430.20,-345.81,-217.56,-304.24,-373.60,-295.18,-360.63,-312.97,-338.27,-507.93,-424.60,-496.44,-332.14,-480.32,-414.67,-384.91,-459.84,-337.17,-468.70,0.00,-378.30,-17023.47
"Day to Day Variables","Tolls/Parking/Commute💰",-33.00,-105.00,-31.00,-50.00,-9.00,-196.35,-152.00,-107.00,-110.00,-25.00,-81.00,-108.00,-81.00,-50.00,-81.00,-43.00,-25.00,-70.35,-75.00,-69.00,-95.00,-27.35,-25.00,-75.00,-100.00,-100.00,-75.00,-25.00,-75.00,-189.95,-25.00,-10.25,-25.00,-25.00,-25.00,-76.90,-25.00,-25.00,-75.00,-75.00,-50.00,-75.00,-25.00,-75.00,0.00,-64.47,-2901.15
"Day to Day Variables","Education 🎓",-1463.07,-2618.30,-921.89,-1378.37,-1547.14,-2389.40,-1416.22,-898.81,-52.11,315.38,-878.78,-1938.80,-1962.00,-1080.78,-884.86,-1240.70,-439.43,-1428.49,-1517.79,-1159.86,-2458.05,-2624.14,-1552.63,1340.10,-2354.71,-969.22,297.93,-262.42,-1211.63,-759.89,-1386.94,-1305.50,-1252.34,-2207.43,-3012.55,-1772.70,-1434.15,-1608.13,-1999.85,-1527.51,-663.51,-1824.86,-1713.92,-761.01,-321.21,-1294.39,-58247.69
"Variable Expenses","Therapy 🧑‍⚕️",0.00,-311.99,-700.00,-2635.00,-200.00,-400.00,-595.00,-400.00,-460.00,-430.00,-395.00,-580.00,-525.00,-755.00,-280.00,-758.58,0.00,0.00,0.00,0.00,0.00,0.00,0.00,0.00,0.00,0.00,0.00,0.00,0.00,0.00,0.00,0.00,0.00,0.00,0.00,0.00,0.00,0.00,0.00,0.00,0.00,0.00,0.00,0.00,0.00,-209.46,-9425.57
"Variable Expenses","Medical  / Health🌡",0.00,-1014.62,-1096.88,-767.48,-931.91,-515.79,-142.83,-428.30,-1256.45,-636.76,-767.74,-483.96,-765.11,-552.15,-1553.21,-1727.48,-345.47,-6284.44,-3384.00,-395.61,-897.45,-403.63,247.67,-1158.84,-2054.80,-1720.72,-2836.33,-6710.06,-1774.86,-4713.53,-3757.73,-3995.14,1229.68,-5238.84,-4948.56,-1543.53,-4631.25,-987.13,-6047.52,-4015.01,-4771.33,-5742.97,-1586.17,-2470.39,-407.99,-2088.59,-93986.62
"Variable Expenses","Pets 🐾",-285.69,-748.19,-138.30,-598.10,-168.56,-1403.76,-393.41,-531.68,-580.57,-546.60,-414.95,-281.90,-558.62,-524.95,-408.88,-403.63,-575.17,-885.62,-222.74,-387.25,-593.40,-487.74,-183.40,-79.37,-110.61,-291.36,-326.60,-639.86,-99.76,-103.43,-81.04,-154.46,-155.18,-90.59,-564.00,-98.16,-159.36,-77.66,-171.76,-1102.01,-331.26,-62.53,-215.19,-21.10,-21.10,-361.77,-16279.50
"Variable Expenses","Clothing/Grooming 👕",-124.47,-474.91,-416.76,-932.52,-699.09,-485.20,-141.67,-434.08,-575.91,-190.32,-393.57,-199.91,-326.14,-823.52,-284.84,-964.60,-181.11,-255.67,-586.26,-132.01,-617.03,-79.28,-297.89,-265.30,-302.43,-215.47,-451.92,-268.12,-119.87,-939.52,-385.16,-174.53,-400.01,-175.45,-447.30,-135.34,-213.36,-551.23,-1088.33,-724.86,-701.22,-787.89,-142.77,-147.03,0.00,-405.64,-18253.87
"Variable Expenses","Home Improvement 🏗️",0.00,0.00,-52.06,-160.00,-822.83,0.00,-700.00,-695.37,-32.07,-551.39,-58.61,-75.00,1100.00,-4677.45,-263.06,0.00,-110.53,-365.35,-414.31,-114.54,0.00,-3.75,-130.00,-570.00,-223.73,-1126.39,-82.46,0.00,-752.92,-152.35,-96.18,-28.23,-926.20,-177.14,-204.79,-200.00,-65.40,-205.20,-150.00,-1427.17,-1879.68,-1305.79,-546.02,5.64,0.00,-405.34,-18240.33
"Variable Expenses","Repairs 🛠",0.00,-323.58,0.00,0.00,-822.67,0.00,-243.32,-13.79,-44.50,0.00,-766.21,-251.44,-4773.96,0.00,0.00,-904.26,0.00,-278.14,-1188.49,-638.62,0.00,-1702.97,0.00,-165.72,-335.81,-533.70,-275.00,-42.75,-244.38,-2065.84,-65.24,-844.29,-71.60,0.00,-94.74,0.00,-66.02,-2730.49,0.00,-32.09,0.00,-71.68,-128.02,0.00,0.00,-438.21,-19719.32
"Variable Expenses","Garden 🌱",0.00,0.00,0.00,0.00,0.00,0.00,0.00,-126.75,0.00,0.00,0.00,0.00,0.00,0.00,0.00,0.00,0.00,0.00,0.00,0.00,-1835.60,-139.50,0.00,0.00,0.00,0.00,-80.72,-119.53,0.00,0.00,-835.82,-349.01,-43.00,-140.36,0.00,-259.44,-12.00,-64.90,-89.85,0.00,0.00,0.00,0.00,0.00,0.00,-91.03,-4096.48
"Variable Expenses","Holiday/Party Spending 🎉",-288.07,-1043.89,0.00,-15.47,0.00,0.00,-357.29,-67.16,-228.61,-248.64,-362.97,0.00,-186.00,-29.93,-47.13,-219.80,0.00,0.00,-171.65,-312.04,-84.67,-148.89,0.00,-568.87,-175.94,-149.07,0.00,0.00,-182.93,-78.11,-80.24,-237.52,-238.63,-403.91,0.00,-57.24,0.00,-4.26,-24.55,-67.10,-72.93,0.00,0.00,-187.48,0.00,-140.91,-6340.99
"Variable Expenses","Gifts/Presents 🎁",0.00,-437.22,-59.59,-91.65,0.00,-168.98,-207.96,-40.68,-81.19,-220.63,-126.73,-40.00,0.00,0.00,-80.00,0.00,-80.00,-160.18,-30.99,-333.47,0.00,-446.88,-141.19,-145.99,-167.28,-85.38,-50.00,0.00,0.00,0.00,-7.43,-36.36,-44.95,0.00,0.00,0.00,0.00,-375.06,-85.44,0.00,0.00,-11.90,0.00,0.00,0.00,-83.49,-3757.13
"Variable Expenses","Charity / Giving",0.00,0.00,-74.23,-157.50,0.00,0.00,0.00,0.00,-333.00,0.00,-100.00,0.00,0.00,0.00,0.00,0.00,0.00,0.00,0.00,0.00,0.00,0.00,0.00,0.00,0.00,0.00,0.00,0.00,-60.50,-5.00,0.00,0.00,0.00,0.00,0.00,0.00,0.00,0.00,0.00,0.00,0.00,0.00,0.00,0.00,0.00,-16.23,-730.23
"Variable Expenses","SSC Honors Purchases (will be reimbursed)",0.00,0.00,0.00,0.00,0.00,0.00,0.00,0.00,0.00,0.00,0.00,0.00,0.00,0.00,0.00,0.00,0.00,0.00,0.00,0.00,0.00,0.00,0.00,-11.55,-400.00,400.00,-29.80,0.00,0.00,-8.03,112.19,0.00,0.00,0.00,0.00,-5.33,0.00,0.00,0.00,0.00,0.00,0.00,0.00,0.00,0.00,1.28,57.48
"Variable Expenses","Money Shuffling",0.00,0.00,0.00,0.00,0.00,0.00,0.00,0.00,0.00,0.00,0.00,0.00,0.00,-99.00,0.00,0.00,0.00,0.00,0.00,0.00,39.26,0.00,0.00,0.00,0.00,0.00,0.00,0.00,0.00,0.00,0.00,0.00,0.00,0.00,0.00,0.00,0.00,0.00,0.00,-636.63,0.00,0.00,0.00,0.00,0.00,-15.47,-696.37
"Variable Expenses","Unknown",0.00,0.00,-159.51,-111.06,0.00,0.00,0.00,0.00,0.00,0.00,0.00,0.00,0.00,0.00,0.00,0.00,0.00,0.00,0.00,0.00,0.00,0.00,-8.13,0.00,0.00,0.00,-34.05,0.00,-76.48,-37.25,0.00,-9.61,-128.11,-132.16,-141.18,-147.84,2.34,-2.06,-0.86,-0.01,-10.44,9.09,-2.63,-2.11,0.00,-22.05,-992.06
"Fixed Monthly Expenses","Utilities 🚿",0.00,-153.19,-150.27,-168.73,-179.63,-111.98,-98.80,-80.71,-117.92,-147.19,-143.64,-151.29,-153.50,-136.71,-168.59,-158.00,-125.91,-181.81,-206.70,-170.13,-145.51,-113.10,-81.52,-88.49,-78.47,-122.28,-117.85,-154.02,-155.79,-163.33,-152.08,-181.19,-149.46,-147.09,-168.03,-155.85,-159.67,-149.57,-160.02,-121.62,-115.77,-139.91,-119.97,-154.25,0.00,-135.55,-6099.54
"Fixed Monthly Expenses","Electricity 💡",0.00,-284.73,-265.02,-355.74,-390.78,-364.64,-352.96,-319.12,-269.36,-287.69,-301.00,-288.35,-297.42,-324.42,0.00,-667.84,0.00,-459.76,-445.78,-449.89,-358.73,-270.15,-272.97,-258.38,-244.38,-246.34,-264.61,-355.68,-386.75,-423.06,-486.74,-479.06,-398.82,-656.76,0.00,-166.67,-330.69,-323.96,-367.18,-463.23,-638.79,-664.06,-726.32,-694.94,-540.94,-358.75,-16143.71
"Fixed Monthly Expenses","Cable & Internet 🖥️",-74.99,-74.99,-74.99,-74.99,-94.99,-94.99,-94.99,-94.99,-94.99,-94.99,-94.99,-99.99,-99.99,-99.99,-99.99,-99.99,-99.99,-99.99,-60.00,-80.00,-80.00,-80.00,-80.00,-80.00,-80.00,-80.00,-80.00,-80.00,-80.00,-80.00,-80.00,-80.00,-80.00,-80.00,-80.00,-80.00,-80.00,-80.00,-80.00,-80.00,-80.00,-80.00,-80.00,-80.00,0.00,-82.77,-3724.82
"Fixed Monthly Expenses","Cleaning ✨",-221.50,-310.00,-315.00,-350.00,-165.00,-340.00,-827.50,-340.00,-495.00,-175.00,-330.00,-366.63,-355.00,0.00,-20.00,0.00,-10.00,-495.00,-165.00,-330.00,-330.00,-330.00,-445.00,-185.00,-495.00,-340.00,-370.00,-330.00,0.00,-330.00,-340.00,-330.00,-330.00,-370.00,-533.75,-339.00,-345.00,-330.00,-950.00,-165.00,-558.00,-165.00,-195.64,-10.00,0.00,-305.04,-13727.02
"Fixed Monthly Expenses","Phone 📱",0.00,-143.44,-153.44,-161.79,-155.15,-239.03,-154.50,-154.50,-154.50,-259.94,-154.50,-182.10,-154.50,-154.50,-154.50,-168.70,-154.50,-157.96,-154.50,-154.50,-154.50,-154.50,-114.73,-132.96,-132.96,-132.96,-132.95,-132.95,-132.95,-132.97,-155.49,-132.97,-132.97,-132.97,-132.97,-132.97,-132.97,-132.97,-135.25,-135.25,-135.25,-135.25,-135.25,-135.25,-135.27,-145.65,-6554.03
"Fixed Monthly Expenses","Pest Control 🐜",0.00,-120.20,0.00,-139.95,-120.20,0.00,0.00,0.00,-120.20,0.00,0.00,0.00,0.00,-120.20,0.00,0.00,-120.20,0.00,0.00,-120.20,0.00,0.00,-127.40,0.00,0.00,0.00,0.00,0.00,0.00,0.00,0.00,-78.40,0.00,0.00,-135.00,0.00,0.00,-135.00,0.00,0.00,0.00,-135.00,0.00,-135.00,0.00,-35.71,-1606.95
"Fixed Monthly Expenses","Pool Service 🏊",-230.00,-410.00,-525.00,0.00,-650.00,-350.00,-350.00,0.00,-350.00,-700.00,0.00,-350.00,-350.00,0.00,-350.00,-175.00,-175.00,-325.00,0.00,-350.00,0.00,0.00,-350.00,0.00,-350.00,0.00,-350.00,-175.00,-175.00,-175.00,0.00,-175.00,-350.00,0.00,-350.00,0.00,-350.00,0.00,-525.00,0.00,-175.00,-350.00,-175.00,-175.00,0.00,-218.67,-9840.00
"Fixed Monthly Expenses","Home Insurance 💥",-329.92,0.00,-329.91,-1245.76,-387.50,-387.50,-387.50,-387.50,-387.50,-387.50,-387.50,-387.50,-387.50,-387.50,-996.73,-424.83,-424.83,-424.83,-424.84,-424.83,-424.84,-424.83,-424.84,-424.83,-424.84,-424.83,-984.78,-470.58,-470.58,-470.58,-470.59,-470.58,-470.59,-470.58,-470.59,-470.58,-470.59,-470.58,-1020.58,-427.33,-427.33,-427.33,-427.34,-427.33,0.00,-461.53,-20768.93
"Fixed Monthly Expenses","School 🏫",0.00,0.00,0.00,0.00,0.00,0.00,0.00,-1395.78,-590.37,-535.39,-605.39,-560.39,-575.39,-570.39,-555.39,0.00,0.00,-1207.30,-1013.30,-681.10,-1153.30,-774.25,-1123.30,-1008.30,-789.47,-1073.30,-763.48,-95.00,0.00,-1327.30,-1427.19,-1582.19,-1592.19,-1562.19,-1477.19,-1552.19,-1557.19,-1587.19,-1597.18,-75.00,-1433.80,-1433.80,-1458.80,-1448.80,-1453.80,-836.37,-37636.59
"Fixed Monthly Expenses","Orthodontist 😬",0.00,0.00,0.00,0.00,0.00,0.00,0.00,0.00,0.00,0.00,0.00,0.00,0.00,0.00,0.00,0.00,0.00,0.00,0.00,-347.50,-73.00,-73.00,-73.00,-73.00,-73.00,-373.00,-73.00,-73.00,-73.00,-73.00,-73.00,-73.00,-73.00,-73.00,-73.00,-223.00,-73.00,-73.00,-73.00,-73.00,-73.00,-73.00,-73.00,-73.00,0.00,-56.66,-2549.50
"Fixed Monthly Expenses","Mel Education",0.00,0.00,0.00,0.00,0.00,0.00,0.00,0.00,0.00,0.00,-651.48,0.00,-842.47,0.00,-1222.87,-68.00,-1167.95,-64.18,-1346.40,-1850.31,-9.99,0.00,-596.48,6990.01,-681.47,0.00,0.00,-651.48,-636.47,0.00,-646.48,-644.10,0.00,0.00,-684.48,0.00,-631.47,0.00,-1699.40,-29.95,-20.00,-2420.89,-30.00,-1170.95,0.00,-239.49,-10777.26
"Fixed Infrequent Expenses","Property Taxes 💰",0.00,0.00,0.00,0.00,0.00,0.00,0.00,0.00,0.00,0.00,0.00,0.00,-3365.86,0.00,0.00,0.00,0.00,0.00,0.00,0.00,0.00,0.00,0.00,-3419.28,0.00,0.00,0.00,0.00,0.00,0.00,0.00,0.00,-3397.19,0.00,0.00,0.00,0.00,0.00,0.00,0.00,0.00,0.00,0.00,0.00,0.00,-226.27,-10182.33
"Fixed Infrequent Expenses","Car Insurance 🚨",0.00,0.00,0.00,0.00,-719.00,0.00,0.00,0.00,0.00,0.00,-773.00,0.00,0.00,-48.95,0.00,0.00,-1045.00,0.00,0.00,0.00,0.00,0.00,-1141.00,0.00,0.00,0.00,0.00,-1157.00,0.00,0.00,0.00,0.00,0.00,0.00,-1158.00,0.00,0.00,-413.12,0.00,0.00,-2004.00,0.00,0.00,0.00,0.00,-187.98,-8459.07
"Fixed Infrequent Expenses","Vehicle Registration 📜",0.00,0.00,0.00,0.00,0.00,0.00,0.00,0.00,0.00,-99.50,0.00,0.00,0.00,0.00,0.00,0.00,0.00,0.00,0.00,0.00,0.00,0.00,0.00,0.00,0.00,-156.50,0.00,0.00,0.00,-57.20,0.00,0.00,0.00,0.00,0.00,0.00,0.00,-9.20,0.00,0.00,0.00,0.00,0.00,0.00,0.00,-7.16,-322.40
"Fixed Infrequent Expenses","Kids' College Funds 🎓",0.00,0.00,-420.00,0.00,0.00,-420.00,0.00,0.00,-420.00,0.00,0.00,-480.00,0.00,0.00,-480.00,0.00,0.00,-480.00,0.00,0.00,-480.00,0.00,0.00,-540.00,0.00,0.00,-540.00,0.00,0.00,-540.00,0.00,0.00,-540.00,0.00,0.00,-600.00,0.00,0.00,-600.00,0.00,0.00,-600.00,0.00,0.00,-450.00,-168.67,-7590.00
"Fun Money","Colin's Discretionary 🎮",-60.00,-16.08,-113.54,-57.51,-81.08,-238.13,-75.48,-157.16,-301.45,-80.46,13.33,-24.00,-51.39,-108.98,-100.15,-693.15,-162.64,-53.93,-136.14,-24.85,-14.01,46.74,40.58,-8.98,-127.87,-254.88,-198.08,-139.05,-36.23,-73.50,-75.13,-122.18,-344.95,-12.06,-59.73,-320.81,25.67,-196.62,-104.21,-77.65,-99.36,-91.86,-90.35,-119.67,-78.30,-112.34,-5055.28
"Fun Money","Melanie's Discretionary 🌱",0.00,-70.71,-125.45,-62.39,-54.77,-223.49,-181.00,-144.71,-135.80,0.00,-75.61,-229.85,-52.42,-4.00,-166.77,-17.97,0.00,0.00,-405.42,-278.48,0.00,-41.03,0.00,-13.26,-9.88,-138.42,0.00,-118.16,-74.00,-174.00,0.00,-138.17,-177.54,-54.31,-53.56,-40.00,-22.41,-345.00,-117.33,-6.99,0.00,-2.43,111.56,0.00,180.56,-76.96,-3463.21
"Fun Money","Erivyn Discretionary",0.00,0.00,0.00,0.00,0.00,0.00,0.00,0.00,0.00,0.00,0.00,0.00,0.00,0.00,0.00,0.00,0.00,0.00,0.00,0.00,0.00,0.00,0.00,0.00,0.00,0.00,0.00,0.00,0.00,0.00,0.00,0.00,0.00,0.00,0.00,0.00,0.00,0.00,0.00,-63.02,0.00,-58.00,-215.46,-4.23,0.00,-7.57,-340.71
"Fun Money","Date Night 💞",0.00,-80.86,-137.97,-79.10,-152.82,0.00,-93.82,-121.21,-280.85,-16.19,0.00,-67.32,0.00,-232.34,-5.39,0.00,0.00,0.00,-153.40,-49.54,-99.12,0.00,0.00,-89.35,-47.46,-9.88,-20.64,0.00,-45.23,-776.55,-40.65,-108.49,0.00,-91.82,-58.84,-120.18,0.00,0.00,0.00,0.00,0.00,-29.50,-13.00,0.00,-82.54,-68.98,-3104.06
"Fun Money","Fun/Entertainment 🎉",-139.64,-678.98,-132.40,-456.68,-251.70,-98.89,-1036.88,-820.97,-503.01,-149.80,-20.00,-343.70,-606.82,-390.70,-606.14,-1070.25,-148.07,-202.69,-347.35,-300.07,-232.81,-79.35,-105.14,-157.59,-320.49,-340.56,-400.16,-2509.56,-2691.74,-1041.22,-557.97,-656.79,-798.00,-1145.61,-590.18,-203.53,-416.29,-1412.73,-667.77,-2361.64,-127.68,-141.12,-476.28,-176.61,-185.27,-580.02,-26100.83
"Subscriptions ⏱️","1SE",0.00,0.00,0.00,0.00,0.00,0.00,0.00,0.00,0.00,0.00,0.00,0.00,0.00,0.00,0.00,0.00,0.00,0.00,0.00,0.00,0.00,0.00,0.00,0.00,0.00,0.00,0.00,0.00,0.00,0.00,0.00,-29.99,0.00,0.00,0.00,0.00,0.00,0.00,0.00,0.00,0.00,0.00,0.00,0.00,0.00,-0.67,-29.99
"Subscriptions ⏱️","AAA",0.00,0.00,0.00,0.00,0.00,0.00,0.00,0.00,0.00,0.00,0.00,0.00,0.00,0.00,0.00,0.00,0.00,0.00,0.00,0.00,0.00,0.00,0.00,0.00,0.00,0.00,0.00,0.00,0.00,0.00,-106.00,0.00,0.00,0.00,0.00,0.00,0.00,0.00,0.00,0.00,0.00,0.00,-110.00,0.00,0.00,-4.80,-216.00
"Subscriptions ⏱️","Amazon Kids+",0.00,0.00,0.00,0.00,0.00,0.00,0.00,0.00,0.00,0.00,0.00,0.00,0.00,0.00,0.00,0.00,0.00,0.00,0.00,0.00,0.00,0.00,0.00,0.00,0.00,0.00,0.00,0.00,0.00,0.00,-5.99,-5.99,-5.99,-5.99,-5.99,-5.99,-5.99,-5.99,-5.99,-5.99,-5.99,2.37,0.00,0.00,0.00,-1.41,-63.52
"Subscriptions ⏱️","Amazon Prime",0.00,0.00,0.00,0.00,0.00,0.00,0.00,0.00,0.00,0.00,0.00,0.00,0.00,0.00,0.00,0.00,0.00,0.00,0.00,0.00,0.00,0.00,-140.10,0.00,-14.99,-4.99,-63.50,0.00,0.00,0.00,0.00,0.00,0.00,0.00,0.00,0.00,0.00,0.00,0.00,0.00,0.00,0.00,0.00,0.00,0.00,-4.97,-223.58
"Subscriptions ⏱️","Apple One",0.00,0.00,0.00,0.00,0.00,0.00,0.00,0.00,0.00,0.00,0.00,0.00,0.00,0.00,0.00,0.00,0.00,0.00,0.00,0.00,0.00,0.00,0.00,-40.88,-40.88,-40.87,-73.85,-40.87,-40.08,-40.08,-40.08,-40.08,-40.08,-40.08,0.00,-40.08,-40.08,-40.08,-40.08,-40.08,-40.08,-40.08,-40.22,-74.76,0.00,-19.41,-873.37
"Subscriptions ⏱️","Audible",0.00,0.00,0.00,0.00,0.00,0.00,0.00,0.00,0.00,0.00,0.00,0.00,0.00,0.00,0.00,0.00,0.00,0.00,0.00,0.00,0.00,0.00,-17.00,0.00,-17.00,0.00,0.00,0.00,0.00,0.00,0.00,0.00,0.00,0.00,0.00,0.00,0.00,0.00,0.00,0.00,-17.00,-16.79,0.00,0.00,0.00,-1.51,-67.79
"Subscriptions ⏱️","Calm Harm 🌞",0.00,0.00,0.00,0.00,0.00,0.00,0.00,0.00,0.00,0.00,0.00,0.00,0.00,0.00,0.00,0.00,0.00,0.00,0.00,0.00,0.00,0.00,0.00,0.00,0.00,0.00,0.00,0.00,0.00,-1.99,0.00,0.00,0.00,0.00,0.00,0.00,0.00,0.00,0.00,0.00,0.00,0.00,0.00,0.00,0.00,-0.04,-1.99
"Subscriptions ⏱️","Campaign Logger",0.00,0.00,0.00,0.00,0.00,0.00,0.00,0.00,0.00,0.00,0.00,0.00,0.00,0.00,0.00,0.00,0.00,0.00,0.00,0.00,-47.00,0.00,0.00,0.00,0.00,0.00,0.00,0.00,0.00,0.00,0.00,0.00,0.00,0.00,0.00,0.00,0.00,0.00,0.00,0.00,0.00,0.00,0.00,0.00,0.00,-1.04,-47.00
"Subscriptions ⏱️","Coconote 📝",0.00,0.00,0.00,0.00,0.00,0.00,0.00,0.00,0.00,0.00,0.00,0.00,0.00,0.00,0.00,0.00,0.00,0.00,0.00,0.00,0.00,0.00,0.00,0.00,0.00,0.00,0.00,0.00,0.00,0.00,-99.99,0.00,0.00,0.00,0.00,0.00,0.00,0.00,0.00,0.00,0.00,0.00,0.00,0.00,0.00,-2.22,-99.99
"Subscriptions ⏱️","Cozy Couples",0.00,0.00,0.00,0.00,0.00,0.00,0.00,0.00,0.00,0.00,0.00,0.00,0.00,0.00,0.00,0.00,0.00,0.00,0.00,0.00,0.00,0.00,0.00,0.00,0.00,0.00,0.00,0.00,0.00,0.00,0.00,0.00,0.00,0.00,0.00,0.00,0.00,0.00,0.00,-29.99,0.00,0.00,0.00,0.00,0.00,-0.67,-29.99
"Subscriptions ⏱️","Disney Card Fee",0.00,0.00,0.00,0.00,0.00,0.00,0.00,0.00,0.00,0.00,0.00,0.00,0.00,0.00,0.00,0.00,0.00,0.00,0.00,0.00,0.00,0.00,0.00,0.00,0.00,0.00,0.00,0.00,0.00,0.00,0.00,-49.00,0.00,0.00,0.00,0.00,0.00,0.00,-95.00,0.00,0.00,0.00,0.00,-49.00,0.00,-4.29,-193.00
"Subscriptions ⏱️","Disney+",0.00,0.00,0.00,0.00,0.00,0.00,0.00,0.00,0.00,0.00,0.00,0.00,0.00,0.00,0.00,0.00,0.00,0.00,0.00,0.00,0.00,0.00,0.00,0.00,0.00,0.00,0.00,0.00,-20.66,0.00,0.00,0.00,-182.36,0.00,0.00,0.00,0.00,0.00,0.00,0.00,0.00,0.00,0.00,0.00,-216.55,-9.32,-419.57
"Subscriptions ⏱️","Drive Weather 🚗",0.00,0.00,0.00,0.00,0.00,0.00,0.00,0.00,0.00,0.00,0.00,0.00,0.00,0.00,0.00,0.00,0.00,0.00,0.00,0.00,0.00,0.00,0.00,0.00,0.00,0.00,0.00,0.00,0.00,0.00,0.00,0.00,0.00,0.00,0.00,0.00,-5.99,0.00,0.00,0.00,0.00,0.00,0.00,0.00,0.00,-0.13,-5.99
"Subscriptions ⏱️","Dropout",0.00,0.00,0.00,0.00,0.00,0.00,0.00,0.00,0.00,0.00,0.00,0.00,0.00,0.00,0.00,0.00,0.00,0.00,0.00,0.00,0.00,0.00,0.00,-54.50,0.00,0.00,0.00,0.00,0.00,0.00,0.00,0.00,0.00,0.00,0.00,-68.12,0.00,0.00,0.00,0.00,0.00,0.00,0.00,0.00,0.00,-2.72,-122.62
"Subscriptions ⏱️","Echo Sleep Sounds",0.00,0.00,0.00,0.00,0.00,0.00,0.00,0.00,0.00,0.00,0.00,0.00,0.00,0.00,0.00,0.00,0.00,0.00,0.00,0.00,0.00,0.00,0.00,0.00,-9.99,0.00,0.00,0.00,0.00,0.00,0.00,0.00,0.00,0.00,0.00,0.00,-9.99,0.00,0.00,0.00,0.00,0.00,0.00,0.00,0.00,-0.44,-19.98
"Subscriptions ⏱️","Finch Self Care",0.00,0.00,0.00,0.00,0.00,0.00,0.00,0.00,0.00,0.00,0.00,0.00,0.00,0.00,0.00,0.00,0.00,0.00,0.00,0.00,0.00,0.00,0.00,0.00,0.00,0.00,0.00,0.00,0.00,0.00,0.00,0.00,0.00,-69.99,0.00,-59.99,0.00,0.00,0.00,0.00,0.00,0.00,0.00,0.00,0.00,-2.89,-129.98
"Subscriptions ⏱️","Focus Friend",0.00,0.00,0.00,0.00,0.00,0.00,0.00,0.00,0.00,0.00,0.00,0.00,0.00,0.00,0.00,0.00,0.00,0.00,0.00,0.00,0.00,0.00,0.00,0.00,0.00,0.00,0.00,0.00,0.00,0.00,0.00,0.00,0.00,0.00,0.00,0.00,0.00,0.00,0.00,0.00,0.00,0.00,-14.99,0.00,0.00,-0.33,-14.99
"Subscriptions ⏱️","Gentler Streak 🏃",0.00,0.00,0.00,0.00,0.00,0.00,0.00,0.00,0.00,0.00,0.00,0.00,0.00,0.00,0.00,0.00,0.00,0.00,0.00,0.00,0.00,0.00,0.00,0.00,0.00,0.00,0.00,0.00,0.00,-27.49,0.00,0.00,0.00,0.00,0.00,0.00,0.00,0.00,0.00,0.00,0.00,0.00,0.00,0.00,0.00,-0.61,-27.49
"Subscriptions ⏱️","Google Storage",0.00,0.00,0.00,0.00,0.00,0.00,0.00,0.00,0.00,0.00,0.00,0.00,0.00,0.00,0.00,0.00,0.00,0.00,0.00,0.00,0.00,0.00,0.00,0.00,-2.99,0.00,-2.99,-2.99,-2.99,-2.99,-2.99,-2.99,-2.99,-2.99,-2.99,-2.99,-2.99,-2.99,-2.99,-2.99,-2.99,-2.99,-2.99,1.50,0.00,-1.16,-52.32
"Subscriptions ⏱️","Hearth Display 📒",0.00,0.00,0.00,0.00,0.00,0.00,0.00,0.00,0.00,0.00,0.00,0.00,0.00,0.00,0.00,0.00,0.00,0.00,0.00,0.00,0.00,0.00,0.00,0.00,0.00,0.00,0.00,0.00,-86.40,0.00,0.00,0.00,0.00,0.00,0.00,0.00,0.00,0.00,0.00,0.00,-86.40,0.00,0.00,0.00,0.00,-3.84,-172.80
"Subscriptions ⏱️","Hulu",0.00,0.00,0.00,0.00,0.00,0.00,0.00,0.00,0.00,0.00,0.00,0.00,0.00,0.00,0.00,0.00,0.00,0.00,0.00,0.00,0.00,0.00,0.00,0.00,0.00,0.00,0.00,0.00,0.00,0.00,0.00,0.00,0.00,0.00,-11.39,0.00,0.00,0.00,-4.56,-4.56,-4.56,-4.56,-4.56,-1.14,0.00,-0.79,-35.33
"Subscriptions ⏱️","LastPass",0.00,0.00,0.00,0.00,0.00,0.00,0.00,0.00,0.00,0.00,0.00,0.00,0.00,0.00,0.00,0.00,0.00,0.00,0.00,0.00,0.00,0.00,0.00,0.00,-48.00,0.00,0.00,0.00,0.00,0.00,0.00,0.00,0.00,0.00,0.00,0.00,-48.00,0.00,0.00,0.00,0.00,0.00,0.00,0.00,0.00,-2.13,-96.00
"Subscriptions ⏱️","Max",0.00,0.00,0.00,0.00,0.00,0.00,0.00,0.00,0.00,0.00,0.00,0.00,0.00,0.00,0.00,0.00,0.00,0.00,0.00,0.00,0.00,0.00,0.00,0.00,0.00,-11.38,0.00,0.00,0.00,-15.94,0.00,-11.38,0.00,0.00,-40.08,0.00,0.00,0.00,0.00,0.00,0.00,0.00,0.00,0.00,0.00,-1.75,-78.78
"Subscriptions ⏱️","Netflix",0.00,0.00,0.00,0.00,0.00,0.00,0.00,0.00,0.00,0.00,0.00,0.00,0.00,0.00,0.00,0.00,0.00,0.00,0.00,0.00,0.00,0.00,-16.74,-17.53,0.00,0.00,0.00,-17.53,-17.53,-17.53,-17.53,-17.53,-17.53,-17.53,-17.53,-17.53,-20.36,-20.36,-20.36,-20.36,-20.36,-20.36,0.00,0.00,0.00,-6.98,-314.20
"Subscriptions ⏱️","Nintendo Online",0.00,0.00,0.00,0.00,0.00,0.00,0.00,0.00,0.00,0.00,0.00,0.00,0.00,0.00,0.00,0.00,0.00,0.00,0.00,0.00,0.00,0.00,0.00,0.00,0.00,0.00,0.00,0.00,0.00,0.00,0.00,0.00,0.00,0.00,0.00,0.00,0.00,0.00,0.00,0.00,0.00,0.00,0.00,0.00,-79.99,-1.78,-79.99
"Subscriptions ⏱️","NY Times",0.00,0.00,0.00,0.00,0.00,0.00,0.00,0.00,0.00,0.00,0.00,0.00,0.00,0.00,0.00,0.00,0.00,0.00,0.00,0.00,0.00,0.00,0.00,0.00,0.00,0.00,-3.04,-4.00,-8.00,-4.00,-4.00,-4.00,-4.00,-4.00,-6.00,-4.00,-4.00,-4.00,-4.00,-4.14,-4.00,-4.00,-4.00,-4.00,0.00,-1.72,-77.18
"Subscriptions ⏱️","Overcast",0.00,0.00,0.00,0.00,0.00,0.00,0.00,0.00,0.00,0.00,0.00,0.00,0.00,0.00,0.00,0.00,0.00,0.00,0.00,0.00,0.00,0.00,0.00,0.00,0.00,0.00,0.00,0.00,-9.99,0.00,0.00,0.00,0.00,0.00,0.00,0.00,0.00,0.00,0.00,0.00,-14.99,0.00,0.00,0.00,0.00,-0.56,-24.98
"Subscriptions ⏱️","Paired 💞",0.00,0.00,0.00,0.00,0.00,0.00,0.00,0.00,0.00,0.00,0.00,0.00,0.00,0.00,0.00,0.00,0.00,0.00,0.00,0.00,0.00,0.00,0.00,0.00,0.00,0.00,0.00,0.00,0.00,-23.99,0.00,0.00,0.00,0.00,0.00,0.00,0.00,0.00,0.00,0.00,0.00,0.00,0.00,0.00,0.00,-0.53,-23.99
"Subscriptions ⏱️","Peacock 🦚",0.00,0.00,0.00,0.00,0.00,0.00,0.00,0.00,0.00,0.00,0.00,0.00,0.00,0.00,0.00,0.00,0.00,0.00,0.00,0.00,0.00,0.00,0.00,0.00,0.00,0.00,0.00,0.00,0.00,0.00,0.00,0.00,0.00,0.00,0.00,0.00,0.00,0.00,0.00,0.00,0.00,-12.00,0.00,0.00,0.00,-0.27,-12.00
"Subscriptions ⏱️","PlayStation Plus",0.00,0.00,0.00,0.00,0.00,0.00,0.00,0.00,0.00,0.00,0.00,0.00,0.00,0.00,0.00,0.00,0.00,0.00,0.00,0.00,0.00,0.00,0.00,0.00,0.00,0.00,0.00,0.00,0.00,0.00,0.00,0.00,0.00,0.00,0.00,0.00,0.00,0.00,0.00,-101.24,-6.74,0.00,0.00,0.00,0.00,-2.40,-107.98
"Subscriptions ⏱️","ServiceOne AC",0.00,0.00,0.00,0.00,0.00,0.00,0.00,0.00,0.00,0.00,0.00,0.00,0.00,0.00,0.00,0.00,0.00,0.00,0.00,0.00,0.00,0.00,0.00,0.00,-295.00,0.00,0.00,0.00,0.00,0.00,0.00,0.00,0.00,0.00,0.00,0.00,0.00,0.00,0.00,0.00,0.00,0.00,0.00,0.00,0.00,-6.56,-295.00
"Subscriptions ⏱️","Simply Draw ✏️",0.00,0.00,0.00,0.00,0.00,0.00,0.00,0.00,0.00,0.00,0.00,0.00,0.00,0.00,0.00,0.00,0.00,0.00,0.00,0.00,0.00,0.00,0.00,0.00,0.00,0.00,0.00,0.00,0.00,0.00,0.00,0.00,0.00,0.00,0.00,0.00,0.00,0.00,0.00,-89.99,0.00,0.00,0.00,0.00,0.00,-2.00,-89.99
"Subscriptions ⏱️","TurboTax",0.00,0.00,0.00,0.00,0.00,0.00,0.00,0.00,0.00,0.00,0.00,0.00,0.00,0.00,0.00,0.00,0.00,0.00,0.00,0.00,0.00,0.00,0.00,-89.00,0.00,0.00,0.00,0.00,0.00,0.00,0.00,0.00,0.00,0.00,0.00,0.00,-95.20,0.00,0.00,0.00,0.00,0.00,0.00,0.00,0.00,-4.09,-184.20
"Subscriptions ⏱️","Vimeo",0.00,0.00,0.00,0.00,0.00,0.00,0.00,0.00,0.00,0.00,0.00,0.00,0.00,0.00,0.00,0.00,0.00,0.00,0.00,0.00,0.00,0.00,-84.00,0.00,0.00,0.00,0.00,0.00,0.00,0.00,0.00,0.00,0.00,0.00,0.00,0.00,0.00,0.00,0.00,0.00,0.00,0.00,0.00,0.00,0.00,-1.87,-84.00
"Subscriptions ⏱️","YNAB",0.00,0.00,0.00,0.00,0.00,0.00,0.00,0.00,0.00,0.00,0.00,0.00,0.00,0.00,0.00,0.00,0.00,0.00,0.00,0.00,0.00,0.00,0.00,-89.09,0.00,0.00,0.00,0.00,0.00,0.00,0.00,0.00,0.00,0.00,0.00,-98.10,0.00,0.00,0.00,0.00,0.00,0.00,0.00,0.00,0.00,-4.16,-187.19
"Subscriptions ⏱️","YouTube Premium",0.00,0.00,0.00,0.00,0.00,0.00,0.00,0.00,0.00,0.00,0.00,0.00,0.00,0.00,0.00,0.00,0.00,0.00,0.00,0.00,0.00,0.00,0.00,0.00,0.00,0.00,0.00,0.00,0.00,-9.10,-9.10,-9.10,-9.10,-29.49,-26.18,-26.18,-26.18,-26.18,-26.18,-26.18,-26.18,-26.18,0.00,0.00,0.00,-6.12,-275.33
"Subscriptions ⏱️","Subscriptions to Categorize📺",-2.99,-61.86,-131.27,-84.48,-136.92,-79.26,-136.32,-243.17,-197.12,-44.13,-501.53,-161.68,-232.60,-93.46,-148.44,-114.58,-160.63,-146.23,-273.90,-51.12,-301.59,-127.75,0.00,0.00,0.00,0.00,0.00,0.00,0.00,0.00,0.00,0.00,0.00,0.00,0.00,0.00,0.00,0.00,0.00,0.00,0.00,0.00,0.00,0.00,0.00,-76.25,-3431.03
"Paying Off","Apple Pencil ✏️",0.00,0.00,0.00,0.00,0.00,0.00,0.00,0.00,0.00,0.00,0.00,0.00,0.00,0.00,0.00,0.00,0.00,0.00,0.00,0.00,0.00,0.00,0.00,0.00,0.00,0.00,0.00,0.00,-10.74,-10.74,-10.74,-10.86,-54.16,0.00,0.00,0.00,0.00,0.00,0.00,0.00,0.00,0.00,0.00,0.00,0.00,-2.16,-97.24
"Paying Off","iPhone SE",0.00,0.00,0.00,0.00,-13.20,-13.20,-13.20,-13.20,-13.20,-13.20,-13.20,-13.20,-8.29,-13.20,-13.20,-13.20,-13.20,-13.20,-13.20,-21.49,-13.20,-8.29,0.00,0.00,-8.66,-67.28,-10.74,0.00,0.00,0.00,0.00,0.00,0.00,0.00,0.00,0.00,0.00,0.00,0.00,0.00,0.00,0.00,0.00,0.00,0.00,-7.17,-322.75
"Paying Off","iPhone 14",0.00,0.00,0.00,0.00,0.00,0.00,0.00,0.00,0.00,-54.08,-54.08,-54.08,-58.99,-54.08,-54.08,-54.08,-54.08,-54.08,-54.08,-45.79,-54.08,-69.73,0.00,-78.02,-69.36,-113.89,-63.11,-64.82,-54.08,-54.08,-54.08,-54.08,0.00,0.00,0.00,0.00,0.00,0.00,0.00,0.00,0.00,0.00,0.00,0.00,0.00,-29.35,-1320.83
"Paying Off","iPhone 15",0.00,0.00,0.00,0.00,0.00,0.00,0.00,0.00,0.00,0.00,0.00,0.00,0.00,0.00,0.00,0.00,0.00,0.00,0.00,0.00,0.00,0.00,0.00,0.00,0.00,-49.07,-53.24,-62.47,-49.07,-49.07,-49.07,-49.07,-49.07,-49.07,-49.07,-49.07,-49.07,-49.07,-49.07,-49.07,-49.07,-49.07,-49.07,-49.07,0.00,-21.11,-949.90
"Paying Off","Macbook Airs 💻",0.00,-208.25,-208.25,-221.50,-221.50,-221.50,-221.50,0.00,0.00,0.00,0.00,0.00,0.00,0.00,0.00,0.00,0.00,0.00,0.00,0.00,0.00,0.00,0.00,0.00,0.00,0.00,0.00,0.00,0.00,0.00,0.00,0.00,0.00,0.00,0.00,0.00,0.00,0.00,0.00,0.00,0.00,0.00,0.00,0.00,0.00,-28.94,-1302.50
"Paying Off","Mortgage 🏘",-1320.84,-1320.84,-1320.84,-1320.84,-1320.84,-1320.84,-1320.84,-1320.84,-1320.84,-1320.84,-1320.84,-1320.84,-1320.84,-1320.84,-1320.84,-1320.84,-1320.84,-1320.84,-1320.84,-1320.84,-1320.84,-1320.84,-1320.84,-1320.84,-1320.84,-1320.84,-1320.84,-1320.84,-1320.84,-1320.84,-1320.84,-1320.84,-1320.84,-1320.84,-1320.84,-1320.84,-1320.84,-1320.84,-1320.84,-1320.84,-1320.84,-1320.84,-1320.84,-1320.84,0.00,-1291.49,-58116.96
"Paying Off","Car 🚗",-494.15,-494.15,-494.15,-494.15,-494.15,-494.15,-494.15,-494.15,-494.15,-494.15,0.00,0.00,0.00,0.00,0.00,0.00,0.00,0.00,0.00,0.00,0.00,0.00,0.00,0.00,0.00,0.00,0.00,0.00,0.00,0.00,0.00,0.00,0.00,0.00,0.00,0.00,0.00,0.00,0.00,0.00,0.00,0.00,0.00,0.00,0.00,-109.81,-4941.50
"Paying Off","Couch 🛋️",0.00,-333.07,-333.07,-333.07,-333.07,-333.07,-333.07,-333.07,-333.07,-333.02,0.00,0.00,0.00,0.00,0.00,0.00,0.00,0.00,0.00,0.00,0.00,0.00,0.00,0.00,0.00,0.00,0.00,0.00,0.00,0.00,0.00,0.00,0.00,0.00,0.00,0.00,0.00,0.00,0.00,0.00,0.00,0.00,0.00,0.00,0.00,-66.61,-2997.58
"Paying Off","Trampoline 🦘",-108.28,-108.28,-108.28,-108.28,-108.28,-108.28,-108.28,-108.28,-108.28,-108.28,-108.28,-108.28,-108.28,-108.28,-108.24,0.00,0.00,0.00,0.00,0.00,0.00,0.00,0.00,0.00,0.00,0.00,0.00,0.00,0.00,0.00,0.00,0.00,0.00,0.00,0.00,0.00,0.00,0.00,0.00,0.00,0.00,0.00,0.00,0.00,0.00,-36.09,-1624.16
"Paying Off","TrustCo HECL",0.00,0.00,0.00,0.00,0.00,0.00,0.00,0.00,0.00,0.00,0.00,-598.28,868.62,21803.67,9843.08,-5803.31,-777.07,-164.59,-187.30,4079.73,-186.17,-184.21,-328.49,-300.03,-9971.90,-232.58,-240.33,-30000.00,-130.20,-122.18,-237.73,-15251.00,-260.68,-11178.89,-143.17,-167.56,-180.54,-283.71,-10322.19,-291.99,-234.93,-276.88,-287.73,-1680.04,0.00,-1187.30,-53428.58
"Saving Goals","Board Game Trip",0.00,0.00,0.00,0.00,0.00,0.00,0.00,0.00,0.00,0.00,0.00,0.00,0.00,0.00,0.00,0.00,0.00,0.00,0.00,0.00,0.00,0.00,0.00,0.00,0.00,0.00,0.00,0.00,0.00,0.00,0.00,0.00,0.00,0.00,0.00,0.00,0.00,-500.00,0.00,0.00,0.00,0.00,0.00,0.00,0.00,-11.11,-500.00
"Saving Goals","New York Trip",0.00,0.00,0.00,0.00,0.00,0.00,0.00,0.00,0.00,0.00,0.00,0.00,0.00,0.00,0.00,0.00,0.00,0.00,0.00,0.00,0.00,0.00,0.00,0.00,0.00,0.00,0.00,0.00,0.00,0.00,0.00,0.00,0.00,0.00,0.00,0.00,0.00,-1189.00,0.00,0.00,0.00,0.00,0.00,0.00,0.00,-26.42,-1189.00
"Saving Goals","Seattle Trip",0.00,0.00,0.00,0.00,0.00,0.00,0.00,0.00,0.00,0.00,0.00,0.00,0.00,0.00,0.00,0.00,0.00,0.00,0.00,0.00,0.00,0.00,0.00,0.00,0.00,0.00,0.00,0.00,0.00,0.00,0.00,0.00,0.00,0.00,0.00,0.00,-1819.74,-33.70,0.00,0.00,0.00,0.00,0.00,0.00,0.00,-41.19,-1853.44
"Saving Goals","Eli Birthday",0.00,0.00,0.00,0.00,0.00,0.00,0.00,0.00,0.00,0.00,0.00,0.00,0.00,0.00,0.00,0.00,0.00,0.00,0.00,0.00,0.00,0.00,0.00,0.00,0.00,0.00,0.00,0.00,0.00,0.00,0.00,0.00,0.00,0.00,0.00,0.00,0.00,0.00,0.00,0.00,0.00,0.00,-408.63,0.00,0.00,-9.08,-408.63
"Saving Goals","Taxes",0.00,0.00,0.00,0.00,0.00,0.00,0.00,0.00,0.00,0.00,0.00,0.00,0.00,0.00,0.00,0.00,0.00,0.00,0.00,0.00,0.00,0.00,0.00,0.00,0.00,0.00,0.00,0.00,0.00,0.00,0.00,0.00,0.00,0.00,0.00,0.00,0.00,-1730.00,0.00,0.00,0.00,0.00,0.00,0.00,0.00,-38.44,-1730.00
"Saving Goals","Japan",0.00,0.00,0.00,0.00,0.00,0.00,0.00,0.00,0.00,0.00,0.00,0.00,0.00,0.00,0.00,0.00,0.00,0.00,0.00,0.00,0.00,0.00,0.00,0.00,0.00,0.00,0.00,0.00,0.00,0.00,0.00,0.00,0.00,0.00,-1181.36,0.00,0.00,0.00,0.00,0.00,0.00,0.00,0.00,0.00,0.00,-26.25,-1181.36
"Saving Goals","Erivyn's Birthday Miami",0.00,0.00,0.00,0.00,0.00,0.00,0.00,0.00,0.00,0.00,0.00,0.00,0.00,0.00,0.00,0.00,0.00,0.00,0.00,0.00,0.00,0.00,0.00,0.00,-469.47,0.00,0.00,0.00,0.00,0.00,0.00,0.00,0.00,0.00,0.00,0.00,0.00,0.00,0.00,0.00,0.00,0.00,0.00,0.00,0.00,-10.43,-469.47
"Saving Goals","NC Trip",0.00,0.00,0.00,0.00,0.00,0.00,0.00,0.00,0.00,0.00,0.00,0.00,0.00,0.00,0.00,0.00,0.00,0.00,0.00,0.00,0.00,0.00,0.00,0.00,-652.32,-265.55,0.00,0.00,0.00,0.00,0.00,0.00,0.00,0.00,0.00,0.00,0.00,0.00,0.00,0.00,0.00,0.00,0.00,0.00,0.00,-20.40,-917.87
"Saving Goals","Eclipse Trip",0.00,0.00,0.00,0.00,0.00,0.00,0.00,0.00,0.00,0.00,0.00,0.00,0.00,0.00,0.00,0.00,0.00,0.00,0.00,0.00,0.00,0.00,0.00,0.00,-373.25,-374.04,0.00,0.00,0.00,0.00,0.00,0.00,0.00,0.00,0.00,0.00,0.00,0.00,0.00,0.00,0.00,0.00,0.00,0.00,0.00,-16.61,-747.29
"Saving Goals","School Registration",0.00,0.00,0.00,0.00,0.00,0.00,0.00,0.00,0.00,0.00,-3210.00,0.00,0.00,0.00,0.00,0.00,0.00,0.00,0.00,0.00,0.00,0.00,-3765.00,0.00,0.00,0.00,0.00,0.00,0.00,0.00,0.00,0.00,0.00,0.00,-3930.00,0.00,0.00,0.00,0.00,0.00,0.00,0.00,0.00,0.00,0.00,-242.33,-10905.00
"Saving Goals","Christmas 🎄",0.00,0.00,0.00,0.00,0.00,0.00,0.00,0.00,-191.25,-1922.70,-101.68,0.00,-13.90,0.00,0.00,0.00,0.00,0.00,0.00,-154.22,-280.09,-2079.78,0.00,0.00,0.00,0.00,0.00,0.00,0.00,0.00,0.00,-233.13,-775.56,-2501.35,0.00,0.00,-64.21,0.00,0.00,0.00,0.00,0.00,-16.04,0.00,-13.90,-185.51,-8347.81
"Saving Goals","Emergency Fund $30k goal 🦺",0.00,-104.34,0.00,0.00,0.00,-1595.00,0.00,-1787.65,0.00,0.00,0.00,0.00,0.00,0.00,0.00,0.00,0.00,0.00,0.00,0.00,0.00,0.00,0.00,0.00,0.00,0.00,0.00,0.00,0.00,0.00,0.00,0.00,0.00,0.00,0.00,0.00,0.00,0.00,0.00,0.00,0.00,0.00,0.00,0.00,0.00,-77.49,-3486.99
"Saving Goals","Travel ✈️ Next trip: Disney Camping Dec 2025",0.00,0.00,-361.20,0.00,-4386.72,-245.89,0.00,-330.00,0.00,-2116.50,-5275.40,-297.66,-519.05,8.72,-1344.57,0.00,0.00,0.00,0.00,0.00,0.00,0.00,0.00,0.00,0.00,0.00,0.00,-5.25,0.00,0.00,0.00,0.00,0.00,-1051.22,-1775.54,0.00,-14.57,0.00,0.00,0.00,0.00,-210.38,0.00,0.00,0.00,-398.34,-17925.23
"Saving Goals","Air Conditioning ",0.00,0.00,0.00,0.00,0.00,0.00,0.00,0.00,0.00,0.00,0.00,0.00,0.00,0.00,0.00,0.00,0.00,0.00,0.00,0.00,0.00,0.00,0.00,0.00,0.00,0.00,0.00,0.00,-21329.00,25000.00,0.00,0.00,0.00,0.00,0.00,0.00,0.00,0.00,0.00,0.00,0.00,0.00,0.00,0.00,0.00,81.58,3671.00
"Saving Goals","Summer Stuff 🌞",0.00,0.00,0.00,0.00,0.00,0.00,0.00,0.00,0.00,0.00,0.00,0.00,0.00,0.00,-1159.00,-1407.50,0.00,0.00,0.00,0.00,0.00,0.00,0.00,0.00,0.00,-594.00,0.00,417.00,0.00,0.00,0.00,0.00,0.00,0.00,0.00,-450.50,-9.58,-90.00,-984.50,-1544.43,-869.66,-660.64,0.00,0.00,0.00,-163.40,-7352.81
"Saving Goals","Colin WBC Trip 🎲",0.00,0.00,0.00,0.00,0.00,0.00,0.00,0.00,0.00,0.00,0.00,0.00,0.00,0.00,0.00,0.00,0.00,0.00,0.00,0.00,0.00,0.00,0.00,0.00,0.00,0.00,0.00,0.00,0.00,0.00,0.00,0.00,0.00,0.00,0.00,0.00,-555.96,0.00,0.00,0.00,-32.55,-826.43,0.00,0.00,0.00,-31.44,-1414.94
"Saving Goals","Japan Trip",0.00,0.00,0.00,0.00,0.00,0.00,0.00,0.00,0.00,0.00,0.00,0.00,-450.00,-5037.26,-2971.66,-140.99,-6496.57,371.02,0.00,0.00,0.00,0.00,0.00,0.00,0.00,0.00,0.00,0.00,0.00,0.00,0.00,0.00,0.00,0.00,0.00,0.00,0.00,0.00,0.00,0.00,0.00,0.00,0.00,0.00,0.00,-327.23,-14725.46
"Saving Goals","🌸 Roth IRA",0.00,0.00,0.00,0.00,0.00,0.00,0.00,0.00,0.00,0.00,0.00,0.00,0.00,-1000.00,0.00,0.00,0.00,0.00,0.00,0.00,0.00,0.00,0.00,0.00,0.00,0.00,0.00,0.00,0.00,0.00,0.00,0.00,0.00,0.00,0.00,0.00,0.00,0.00,0.00,0.00,0.00,0.00,0.00,0.00,0.00,-22.22,-1000.00
"Saving Goals","Roth IRAs 💵",-5500.00,0.00,0.00,0.00,0.00,0.00,0.00,0.00,0.00,0.00,0.00,0.00,0.00,0.00,0.00,0.00,0.00,0.00,0.00,0.00,0.00,0.00,0.00,0.00,0.00,0.00,0.00,0.00,0.00,0.00,0.00,0.00,0.00,0.00,0.00,0.00,0.00,0.00,0.00,0.00,0.00,0.00,0.00,0.00,0.00,-122.22,-5500.00
"Saving Goals","Kevin's Wedding",0.00,0.00,0.00,0.00,0.00,0.00,0.00,0.00,0.00,0.00,0.00,0.00,0.00,0.00,0.00,0.00,0.00,0.00,0.00,0.00,-314.81,-1743.38,-122.63,0.00,0.00,0.00,0.00,0.00,0.00,0.00,0.00,0.00,0.00,0.00,0.00,0.00,0.00,0.00,0.00,0.00,0.00,0.00,0.00,0.00,0.00,-48.46,-2180.82
"Saving Goals","Colin RI Trip",0.00,0.00,0.00,0.00,0.00,0.00,0.00,0.00,0.00,0.00,0.00,0.00,0.00,0.00,0.00,0.00,0.00,0.00,0.00,0.00,0.00,-222.80,-2.45,-47.92,-94.72,0.00,0.00,0.00,0.00,0.00,0.00,0.00,0.00,0.00,0.00,0.00,0.00,0.00,0.00,0.00,0.00,0.00,0.00,0.00,0.00,-8.18,-367.89
"Saving Goals","Camping at the Beach",0.00,0.00,0.00,0.00,0.00,0.00,0.00,0.00,0.00,0.00,0.00,0.00,0.00,0.00,0.00,0.00,0.00,0.00,0.00,0.00,-551.96,0.00,0.00,0.00,0.00,0.00,0.00,0.00,0.00,0.00,0.00,0.00,0.00,0.00,0.00,0.00,0.00,0.00,0.00,0.00,0.00,0.00,0.00,0.00,0.00,-12.27,-551.96
"Saving Goals","Jackie Colorado Move",0.00,0.00,0.00,0.00,0.00,0.00,0.00,0.00,0.00,0.00,0.00,0.00,0.00,0.00,0.00,0.00,400.00,-800.00,0.00,0.00,0.00,0.00,0.00,0.00,0.00,0.00,0.00,0.00,0.00,0.00,0.00,0.00,0.00,0.00,0.00,0.00,0.00,0.00,0.00,0.00,0.00,0.00,0.00,0.00,0.00,-8.89,-400.00
"Saving Goals","Another Car 🏎️ ",0.00,0.00,0.00,0.00,0.00,0.00,0.00,0.00,0.00,0.00,0.00,-12.86,0.00,-16915.45,0.00,0.00,0.00,0.00,0.00,0.00,0.00,0.00,0.00,0.00,0.00,0.00,0.00,0.00,0.00,0.00,0.00,0.00,0.00,0.00,0.00,0.00,0.00,0.00,0.00,0.00,0.00,0.00,0.00,0.00,0.00,-376.18,-16928.31
"Saving Goals","Canada Trip",0.00,0.00,0.00,0.00,0.00,0.00,0.00,0.00,0.00,0.00,0.00,0.00,0.00,0.00,0.00,0.00,0.00,0.00,0.00,0.00,0.00,0.00,0.00,0.00,0.00,0.00,0.00,0.00,0.00,-1480.94,0.00,0.00,0.00,0.00,0.00,0.00,0.00,0.00,0.00,0.00,0.00,0.00,0.00,0.00,0.00,-32.91,-1480.94