"Category","Mar 2022","Apr 2022","May 2022","Jun 2022","Jul 2022","Aug 2022","Sep 2022","Oct 2022","Nov 2022","Dec 2022","Jan 2023","Feb 2023","Mar 2023","Apr 2023","May 2023","Jun 2023","Jul 2023","Aug 2023","Sep 2023","Oct 2023","Nov 2023","Dec 2023","Jan 2024","Feb 2024","Mar 2024","Apr 2024","May 2024","Jun 2024","Jul 2024","Aug 2024","Sep 2024","Oct 2024","Nov 2024","Dec 2024","Jan 2025","Feb 2025","Mar 2025","Apr 2025","May 2025","Jun 2025","Jul 2025","Aug 2025","Sep 2025","Oct 2025","Nov 2025","Average","Total"
"All Income Sources",5039.77,6496.65,39221.15,7397.02,22859.84,8218.37,20975.88,12603.15,16880.98,13468.14,7253.26,16767.99,15157.98,7752.29,27422.44,32421.39,7002.28,20676.26,8388.41,10033.30,23341.38,16136.53,9237.60,28091.74,9598.24,10195.24,40748.94,29392.03,10955.32,24976.88,35465.44,36556.51,31902.96,8817.29,14616.12,17302.52,42179.82,7249.21,44072.75,45529.17,5849.95,45827.76,10994.19,14523.48,4869.22,19432.60,874466.84
"[No Payee]",0.00,0.00,0.00,0.00,0.00,0.00,0.00,0.00,0.00,0.00,0.00,0.00,0.00,0.00,0.00,0.00,0.00,0.00,0.00,0.00,0.00,0.00,0.00,0.00,0.00,0.00,0.00,0.00,0.00,0.00,0.00,0.00,0.00,0.00,8000.00,0.00,0.00,0.00,0.00,0.00,0.00,0.00,0.00,0.00,0.00,177.78,8000.00
"Ahs Sunbelt Inc Main",0.00,0.00,0.00,0.00,0.00,0.00,0.00,0.00,0.00,0.00,0.00,0.00,0.00,0.00,0.00,216.78,0.00,0.00,0.00,0.00,0.00,0.00,0.00,0.00,0.00,0.00,0.00,0.00,0.00,0.00,0.00,0.00,0.00,0.00,0.00,0.00,0.00,0.00,0.00,0.00,0.00,0.00,0.00,0.00,0.00,4.82,216.78
"Amazon",0.00,0.00,0.00,0.00,0.00,0.00,0.00,0.00,0.00,0.00,0.00,0.00,0.00,0.00,0.00,21.40,0.00,0.00,0.00,0.00,0.00,0.00,0.00,0.00,0.00,0.00,0.00,0.00,0.00,227.91,0.00,0.00,0.00,0.00,0.00,0.00,0.00,0.00,0.00,0.00,0.00,0.00,0.00,0.00,0.00,5.54,249.31
"Apa Treas",0.00,0.00,0.00,0.00,0.00,0.00,0.00,0.00,0.00,0.00,103.68,0.00,0.00,0.00,0.00,0.00,0.00,0.00,0.00,0.00,0.00,0.00,0.00,0.00,0.00,0.00,0.00,0.00,0.00,0.00,0.00,0.00,0.00,0.00,0.00,0.00,0.00,0.00,0.00,0.00,0.00,0.00,0.00,0.00,0.00,2.30,103.68
"Bank of America Mobile",2037.24,67.05,2033.40,0.00,773.29,0.00,305.04,0.00,449.13,470.00,50.98,969.50,8.84,404.00,409.50,1499.00,0.00,0.00,0.00,0.00,0.00,0.00,0.00,0.00,0.00,0.00,0.00,0.00,0.00,0.00,0.00,0.00,0.00,0.00,0.00,0.00,0.00,0.00,0.00,0.00,0.00,0.00,0.00,0.00,0.00,210.60,9476.97
"Businessolver",192.30,384.60,384.60,384.60,384.60,576.90,384.60,384.60,496.60,56.00,60.00,0.00,1440.00,0.00,0.00,0.00,0.00,0.00,409.76,1051.72,0.00,0.00,0.00,0.00,0.00,0.00,0.00,0.00,0.00,0.00,0.00,0.00,0.00,0.00,0.00,0.00,0.00,0.00,0.00,0.00,0.00,0.00,0.00,0.00,0.00,146.46,6590.88
"Cash",0.00,0.00,0.00,0.00,0.00,0.00,0.00,0.00,0.00,0.00,0.00,0.00,0.00,0.00,0.00,0.00,0.00,0.00,0.00,0.00,0.00,0.00,0.00,0.00,0.00,0.00,0.00,0.00,0.00,0.00,0.00,0.00,0.00,0.00,0.00,0.00,0.00,0.00,0.00,0.00,0.00,0.00,972.00,0.00,0.00,21.60,972.00
"Check",0.00,0.00,0.00,0.00,0.00,0.00,0.00,0.00,0.00,0.00,0.00,0.00,0.00,0.00,0.00,0.00,0.00,0.00,0.00,0.00,0.00,0.00,0.00,0.00,0.00,0.00,0.00,0.00,0.00,0.00,0.00,0.00,0.00,0.00,0.00,1061.00,50.00,0.00,0.00,0.00,0.00,10000.00,0.00,0.00,0.00,246.91,11111.00
"DAILY CASH ADJUSTMENT",0.00,-2.94,0.00,0.00,0.00,0.00,-0.51,0.00,0.00,0.00,-0.40,0.00,0.00,0.00,-0.53,0.00,0.00,0.00,0.00,-1.20,0.00,-2.25,0.00,0.00,0.00,0.00,-0.86,0.00,0.00,0.00,0.00,0.00,0.00,0.00,0.00,0.00,0.00,0.00,0.00,0.00,0.00,0.00,0.00,0.00,0.00,-0.19,-8.69
"Dividend",0.00,0.00,0.00,0.00,0.00,0.00,18.24,0.00,0.00,0.00,0.00,0.00,0.00,0.00,0.00,0.00,0.00,0.00,0.00,0.00,0.00,0.00,0.00,0.00,0.00,0.00,0.00,0.00,0.00,0.00,0.00,0.00,0.00,0.00,0.00,0.00,0.00,0.00,0.00,0.00,0.00,0.00,0.00,0.00,0.00,0.41,18.24
"Ea Tiburon",2149.81,5796.32,23016.41,5907.96,8820.66,6285.61,6328.41,6265.81,6763.04,11605.92,5204.18,5937.59,5944.60,5944.62,6297.41,28244.21,6180.51,6445.08,6877.48,7202.88,4678.22,11210.98,6455.60,6555.91,6744.34,6656.20,7812.01,25712.23,6822.01,7510.92,7559.34,7543.18,13193.44,8817.29,6616.12,7038.18,7344.93,7249.20,11448.10,39066.84,5849.95,11676.56,9651.06,14259.51,4869.22,9323.55,419559.85
"Ea Tiburon Payroll Campbel",0.00,0.00,0.00,0.00,0.00,0.00,0.00,0.00,0.00,0.00,740.42,0.00,0.00,0.00,0.00,740.42,0.00,0.00,0.00,0.00,0.00,0.00,0.00,0.00,0.00,0.00,0.00,0.00,0.00,0.00,0.00,0.00,0.00,0.00,0.00,0.00,0.00,0.00,0.00,0.00,0.00,0.00,0.00,0.00,0.00,32.91,1480.84
"Ea Tiburon Payroll Campbell Colin",660.42,0.00,0.00,660.42,0.00,0.00,0.00,0.00,0.00,0.00,0.00,0.00,0.00,0.00,0.00,0.00,0.00,0.00,0.00,0.00,2597.37,0.00,0.00,0.00,0.00,0.00,0.00,740.42,0.00,0.00,0.00,0.00,0.00,0.00,0.00,0.00,0.00,0.00,0.00,6462.33,0.00,740.42,0.00,0.00,0.00,263.59,11861.38
"Electronic Arts",0.00,0.00,0.00,0.00,0.00,0.00,0.00,0.00,0.00,0.00,0.00,0.00,0.00,0.00,0.00,0.00,0.00,0.00,0.00,0.00,0.00,0.00,0.00,0.00,0.00,0.00,2287.68,0.00,0.00,0.00,0.00,0.00,0.00,0.00,0.00,0.00,0.00,0.00,0.00,0.00,0.00,0.00,0.00,0.00,0.00,50.84,2287.68
"Electronic Arts Inc",0.00,0.00,12960.17,0.00,12277.64,0.00,12035.37,0.00,0.00,0.00,0.00,0.00,0.00,0.00,18603.40,0.00,0.00,14013.17,0.00,0.00,0.00,0.00,0.00,0.00,0.00,0.00,0.00,0.00,0.00,0.00,0.00,0.00,0.00,0.00,0.00,0.00,0.00,0.00,0.00,0.00,0.00,0.00,0.00,0.00,0.00,1553.11,69889.75
"Extended Insurance Sweep Deposit Account Interest",0.00,0.00,0.01,0.00,0.00,0.00,0.00,0.00,0.00,0.00,0.00,0.00,0.00,0.00,0.02,0.00,0.00,0.04,0.02,0.00,0.00,0.00,0.00,0.00,0.00,0.00,0.00,0.00,0.00,0.00,0.00,0.00,0.00,0.00,0.00,0.00,0.00,0.00,0.00,0.00,0.00,0.00,0.00,0.00,0.00,0.00,0.09
"Federal Tax Refund",0.00,0.00,0.00,0.00,0.00,0.00,0.00,0.00,0.00,0.00,0.00,0.00,6332.00,0.00,0.00,0.00,0.00,0.00,0.00,0.00,0.00,0.00,0.00,6886.00,0.00,0.00,0.00,0.00,0.00,0.00,0.00,0.00,0.00,0.00,0.00,0.00,0.00,0.00,0.00,0.00,0.00,0.00,0.00,0.00,0.00,293.73,13218.00
"Greenlight",0.00,0.00,0.00,0.00,0.00,0.00,0.00,0.00,0.00,0.00,0.00,0.00,0.00,0.00,0.00,0.00,0.00,0.00,0.00,0.00,0.00,0.00,0.00,0.00,0.00,0.00,0.00,0.00,0.00,0.00,0.00,0.00,0.00,0.00,0.00,0.00,0.00,0.00,0.00,0.00,0.00,0.00,250.00,-27.57,0.00,4.94,222.43
"Hca Local Hospital",0.00,0.00,0.00,0.00,0.00,0.00,0.00,0.00,0.00,0.00,0.00,0.00,307.04,0.00,0.00,0.00,0.00,0.00,0.00,0.00,0.00,0.00,0.00,0.00,0.00,0.00,0.00,0.00,0.00,0.00,0.00,0.00,0.00,0.00,0.00,0.00,0.00,0.00,0.00,0.00,0.00,0.00,0.00,0.00,0.00,6.82,307.04
"HSA Contribution",0.00,152.62,789.06,217.65,102.07,165.06,102.07,166.11,438.10,335.69,204.14,0.00,238.57,133.44,100.00,739.98,0.00,0.00,0.00,656.23,0.00,0.00,0.00,0.00,0.00,0.00,0.00,0.00,0.00,0.00,0.00,0.00,0.00,0.00,0.00,0.00,0.00,0.00,0.00,0.00,0.00,0.00,0.00,0.00,0.00,100.91,4540.79
"Interest",0.00,0.00,0.00,0.00,0.00,0.00,0.00,0.00,0.00,0.00,0.00,0.00,0.00,0.00,0.00,0.00,0.00,0.00,0.00,0.00,0.00,0.00,0.00,0.00,0.00,0.00,0.00,0.00,0.00,0.00,0.00,0.00,0.00,0.00,0.00,0.01,0.00,0.00,0.00,0.00,0.00,0.00,0.00,0.00,0.00,0.00,0.01
"Manual Balance Adjustment",0.00,0.00,0.00,0.00,0.00,0.00,0.00,0.00,0.00,0.00,0.00,0.00,0.00,0.00,0.00,0.00,0.00,0.00,0.00,0.00,0.00,0.00,0.00,0.00,0.00,0.00,0.00,0.00,0.00,0.00,0.00,0.00,0.00,0.00,0.00,0.00,0.00,0.00,0.00,0.00,0.00,-500.00,0.00,0.00,0.00,-11.11,-500.00
"Morgan Stanley Bank",0.00,0.00,0.00,0.00,0.00,0.00,0.00,0.00,0.00,0.00,0.00,0.00,0.00,0.00,0.00,0.00,0.00,0.00,0.02,0.00,0.00,0.00,0.00,0.00,0.00,0.00,0.00,0.00,0.00,0.00,0.00,0.00,0.00,0.00,0.00,0.00,0.00,0.00,0.00,0.00,0.00,0.00,0.00,0.00,0.00,0.00,0.02
"Outdoorsy",0.00,0.00,0.00,0.00,361.20,0.00,0.00,0.00,0.00,0.00,0.00,0.00,0.00,0.00,0.00,0.00,0.00,0.00,0.00,0.00,0.00,0.00,0.00,0.00,0.00,0.00,0.00,0.00,0.00,0.00,0.00,0.00,0.00,0.00,0.00,0.00,0.00,0.00,0.00,0.00,0.00,0.00,0.00,0.00,0.00,8.03,361.20
"Reconciliation Balance Adjustment",0.00,0.00,0.00,197.93,70.38,0.00,0.00,0.00,0.00,-46.07,0.00,0.30,0.00,0.00,0.00,0.00,0.00,0.00,0.00,0.00,0.00,0.00,0.00,0.00,0.00,609.81,0.00,0.00,0.00,0.00,0.00,0.00,0.00,0.00,0.00,-174.25,0.00,0.01,0.00,0.00,0.00,0.00,121.13,-2571.46,0.00,-39.83,-1792.22
"Reservations",0.00,0.00,0.00,0.00,0.00,0.00,0.00,4493.10,0.00,0.00,0.00,0.00,0.00,0.00,0.00,0.00,0.00,0.00,0.00,0.00,0.00,0.00,0.00,0.00,0.00,0.00,0.00,0.00,0.00,0.00,0.00,0.00,0.00,0.00,0.00,0.00,0.00,0.00,0.00,0.00,0.00,0.00,0.00,0.00,0.00,99.85,4493.10
"Seminole State",0.00,0.00,0.00,0.00,0.00,1146.11,1746.81,1293.53,1651.00,1046.60,796.01,1325.80,807.99,1270.23,1108.64,860.60,766.65,217.97,1101.13,1123.67,1420.56,4927.80,2782.00,2853.90,2853.90,2853.89,2853.90,2853.90,4133.31,2906.10,2906.10,4013.33,0.00,0.00,0.00,0.00,0.00,0.00,0.00,0.00,0.00,0.00,0.00,0.00,0.00,1191.59,53621.43
"Statement Credit",0.00,0.00,0.00,0.00,0.00,0.00,0.00,0.00,0.00,0.00,0.00,0.00,0.00,0.00,0.00,0.00,0.00,0.00,0.00,0.00,0.00,0.00,0.00,0.00,0.00,0.00,0.00,0.00,0.00,0.00,0.00,0.00,0.00,0.00,0.00,0.00,0.00,0.00,0.00,0.00,0.00,0.00,0.00,900.56,0.00,20.01,900.56
"Step Up for Stud",0.00,0.00,0.00,0.00,0.00,0.00,0.00,0.00,0.00,0.00,0.00,0.00,0.00,0.00,800.00,0.00,0.00,0.00,0.00,0.00,0.00,0.00,0.00,0.00,0.00,0.00,0.00,0.00,0.00,0.00,0.00,0.00,0.00,0.00,0.00,0.00,0.00,0.00,0.00,0.00,0.00,0.00,0.00,1781.88,0.00,57.38,2581.88
"Stock Sale",0.00,0.00,0.00,0.00,0.00,0.00,0.00,0.00,6990.28,0.00,0.00,8501.55,0.00,0.00,0.00,0.00,0.00,0.00,0.00,0.00,14645.23,0.00,0.00,11795.93,0.00,0.00,27796.21,0.00,0.00,14331.95,0.00,0.00,18709.52,0.00,0.00,9377.58,0.00,0.00,32624.65,0.00,0.00,23730.78,0.00,0.00,0.00,3744.53,168503.68
"Target",0.00,99.00,0.00,28.46,0.00,0.00,0.00,0.00,0.00,0.00,0.00,0.00,0.00,0.00,0.00,99.00,0.00,0.00,0.00,0.00,0.00,0.00,0.00,0.00,0.00,0.00,0.00,0.00,0.00,0.00,0.00,0.00,0.00,0.00,0.00,0.00,0.00,0.00,0.00,0.00,0.00,0.00,0.00,0.00,0.00,5.03,226.46
"Transfer : Colin Vanguard IRA",0.00,0.00,0.00,0.00,0.00,0.00,0.00,0.00,0.00,0.00,0.00,0.00,0.00,0.00,0.00,0.00,0.00,0.00,0.00,0.00,0.00,0.00,0.00,0.00,0.00,0.00,0.00,0.00,0.00,0.00,25000.00,0.00,0.00,0.00,0.00,0.00,12189.63,0.00,0.00,0.00,0.00,0.00,0.00,0.00,0.00,826.44,37189.63
"Transfer : Melanie Vanguard IRA",0.00,0.00,0.00,0.00,0.00,0.00,0.00,0.00,0.00,0.00,0.00,0.00,0.00,0.00,0.00,0.00,0.00,0.00,0.00,0.00,0.00,0.00,0.00,0.00,0.00,0.00,0.00,0.00,0.00,0.00,0.00,25000.00,0.00,0.00,0.00,0.00,21994.31,0.00,0.00,0.00,0.00,0.00,0.00,0.00,0.00,1044.32,46994.31
"Transfer from Apple Pay",0.00,0.00,0.00,0.00,0.00,44.69,30.85,0.00,92.83,0.00,94.25,33.25,78.94,0.00,0.00,0.00,55.12,0.00,0.00,0.00,0.00,0.00,0.00,0.00,0.00,75.34,0.00,85.48,0.00,0.00,0.00,0.00,0.00,0.00,0.00,0.00,0.00,0.00,0.00,0.00,0.00,0.00,0.00,0.00,0.00,13.13,590.75
"Transfer from Venmo",0.00,0.00,37.50,0.00,70.00,0.00,25.00,0.00,0.00,0.00,0.00,0.00,0.00,0.00,0.00,0.00,0.00,0.00,0.00,0.00,0.00,0.00,0.00,0.00,0.00,0.00,0.00,0.00,0.00,0.00,0.00,0.00,0.00,0.00,0.00,0.00,0.00,0.00,0.00,0.00,0.00,0.00,0.00,0.00,0.00,2.94,132.50
"Venmo",0.00,0.00,0.00,0.00,0.00,0.00,0.00,0.00,0.00,0.00,0.00,0.00,0.00,0.00,0.00,0.00,0.00,0.00,0.00,0.00,0.00,0.00,0.00,0.00,0.00,0.00,0.00,0.00,0.00,0.00,0.00,0.00,0.00,0.00,0.00,0.00,600.95,0.00,0.00,0.00,0.00,0.00,0.00,0.00,0.00,13.35,600.95
"Zelle Transfer",0.00,0.00,0.00,0.00,0.00,0.00,0.00,0.00,0.00,0.00,0.00,0.00,0.00,0.00,0.00,0.00,0.00,0.00,0.00,0.00,0.00,0.00,0.00,0.00,0.00,0.00,0.00,0.00,0.00,0.00,0.00,0.00,0.00,0.00,0.00,0.00,0.00,0.00,0.00,0.00,0.00,180.00,0.00,180.56,0.00,8.01,360.56
"Zelle Transfer from Gina Ciabattoni",0.00,0.00,0.00,0.00,0.00,0.00,0.00,0.00,0.00,0.00,0.00,0.00,0.00,0.00,104.00,0.00,0.00,0.00,0.00,0.00,0.00,0.00,0.00,0.00,0.00,0.00,0.00,0.00,0.00,0.00,0.00,0.00,0.00,0.00,0.00,0.00,0.00,0.00,0.00,0.00,0.00,0.00,0.00,0.00,0.00,2.31,104.00
"Total Income",5039.77,6496.65,39221.15,7397.02,22859.84,8218.37,20975.88,12603.15,16880.98,13468.14,7253.26,16767.99,15157.98,7752.29,27422.44,32421.39,7002.28,20676.26,8388.41,10033.30,23341.38,16136.53,9237.60,28091.74,9598.24,10195.24,40748.94,29392.03,10955.32,24976.88,35465.44,36556.51,31902.96,8817.29,14616.12,17302.52,42179.82,7249.21,44072.75,45529.17,5849.95,45827.76,10994.19,14523.48,4869.22,19432.60,874466.84
"Uncategorized Transactions",0.00,0.00,0.00,0.00,0.00,0.00,0.00,0.00,0.00,0.00,0.00,0.00,0.00,0.00,0.00,0.00,0.00,0.00,0.00,0.00,0.00,0.00,0.00,0.00,0.00,0.00,0.00,0.00,0.00,0.00,0.00,0.00,0.00,0.00,0.00,0.00,0.00,0.00,0.00,0.00,0.00,0.00,0.00,0.00,-607.68,-13.50,-607.68
"Day to Day Variables",-2248.13,-6510.78,-4415.70,-5352.05,-5265.23,-7090.01,-5191.23,-4662.93,-3433.09,-1643.70,-4055.61,-5341.01,-5358.31,-4087.79,-4899.87,-4912.06,-2811.06,-4303.80,-5468.61,-4829.91,-5798.77,-6341.63,-3831.22,-2357.06,-5383.02,-4338.24,-3783.79,-3488.32,-5129.30,-4596.12,-5130.28,-5414.07,-4867.79,-6777.90,-8074.21,-5734.57,-5255.54,-6116.63,-6097.67,-6029.51,-5083.30,-4510.42,-3761.15,-3693.66,-951.97,-4765.04,-214427.02
"Essentials, Food, Home",-366.02,-1863.23,-1854.93,-1827.26,-1810.30,-2117.72,-1864.07,-1325.01,-1632.32,-816.06,-1272.30,-1400.01,-1352.52,-1317.32,-1581.98,-1768.22,-1249.69,-1413.81,-1457.97,-1850.91,-1622.94,-1851.61,-1114.45,-1811.41,-1752.62,-1638.93,-2795.74,-2134.87,-2613.24,-2634.13,-2361.96,-2483.78,-2198.55,-3049.83,-3265.74,-2438.75,-1917.60,-2992.31,-1769.30,-2333.70,-2649.06,-1464.13,-1172.01,-1568.85,-333.31,-1824.68,-82110.47
"Household Goods 🏠",-30.93,-597.77,-338.67,-434.17,-598.34,-757.39,-610.46,-900.10,-344.10,-102.77,-358.35,-428.59,-137.86,-185.08,-503.28,-450.71,-122.52,-345.40,-413.48,-209.91,-342.42,-611.66,-308.79,-511.88,-169.47,-412.19,0.00,0.00,0.00,0.00,0.00,0.00,0.00,0.00,0.00,0.00,0.00,0.00,0.00,0.00,0.00,0.00,0.00,0.00,0.00,-227.25,-10226.29
"Eating Out  🍕",-217.47,-817.10,-678.71,-1165.98,-885.91,-1089.22,-813.93,-1103.18,-917.86,-757.26,-1046.51,-1101.93,-1447.59,-1026.50,-1442.72,-960.56,-679.11,-720.92,-1419.81,-1105.14,-835.14,-997.82,-602.26,-847.47,-690.51,-787.70,-865.17,-848.47,-925.19,-638.55,-1061.20,-1253.91,-1078.93,-1157.37,-1262.99,-1021.62,-1382.35,-1159.05,-1773.20,-1678.63,-1335.82,-686.59,-513.05,-820.10,-297.45,-975.95,-43917.95
"Fuel/Gasoline 🚘",-137.64,-509.38,-590.50,-496.27,-414.54,-539.93,-334.55,-328.83,-376.70,-257.99,-418.67,-363.68,-377.34,-428.11,-406.03,-448.87,-295.31,-324.83,-584.56,-435.09,-445.22,-229.05,-228.09,-451.40,-315.71,-430.20,-345.81,-217.56,-304.24,-373.60,-295.18,-360.63,-312.97,-338.27,-507.93,-424.60,-496.44,-332.14,-480.32,-414.67,-384.91,-459.84,-337.17,-468.70,0.00,-378.30,-17023.47
"Tolls/Parking/Commute💰",-33.00,-105.00,-31.00,-50.00,-9.00,-196.35,-152.00,-107.00,-110.00,-25.00,-81.00,-108.00,-81.00,-50.00,-81.00,-43.00,-25.00,-70.35,-75.00,-69.00,-95.00,-27.35,-25.00,-75.00,-100.00,-100.00,-75.00,-25.00,-75.00,-189.95,-25.00,-10.25,-25.00,-25.00,-25.00,-76.90,-25.00,-25.00,-75.00,-75.00,-50.00,-75.00,-25.00,-75.00,0.00,-64.47,-2901.15
"Education 🎓",-1463.07,-2618.30,-921.89,-1378.37,-1547.14,-2389.40,-1416.22,-898.81,-52.11,315.38,-878.78,-1938.80,-1962.00,-1080.78,-884.86,-1240.70,-439.43,-1428.49,-1517.79,-1159.86,-2458.05,-2624.14,-1552.63,1340.10,-2354.71,-969.22,297.93,-262.42,-1211.63,-759.89,-1386.94,-1305.50,-1252.34,-2207.43,-3012.55,-1772.70,-1434.15,-1608.13,-1999.85,-1527.51,-663.51,-1824.86,-1713.92,-761.01,-321.21,-1294.39,-58247.69
"Variable Expenses",-698.23,-4354.40,-2697.33,-5468.78,-3645.06,-2973.73,-2781.48,-2737.81,-3592.30,-2824.34,-3385.78,-1912.21,-6034.83,-7462.00,-2917.12,-4978.35,-1292.28,-8229.40,-5998.44,-2313.54,-3988.89,-3412.64,-512.94,-2965.64,-3770.60,-3722.09,-4166.88,-7780.32,-3311.70,-8103.06,-5196.65,-5829.15,-778.00,-6358.45,-6400.57,-2446.88,-5145.05,-4997.99,-7658.31,-8004.88,-7766.86,-7973.67,-2620.80,-2822.47,-429.09,-4276.91,-192460.99
"Therapy 🧑‍⚕️",0.00,-311.99,-700.00,-2635.00,-200.00,-400.00,-595.00,-400.00,-460.00,-430.00,-395.00,-580.00,-525.00,-755.00,-280.00,-758.58,0.00,0.00,0.00,0.00,0.00,0.00,0.00,0.00,0.00,0.00,0.00,0.00,0.00,0.00,0.00,0.00,0.00,0.00,0.00,0.00,0.00,0.00,0.00,0.00,0.00,0.00,0.00,0.00,0.00,-209.46,-9425.57
"Medical  / Health🌡",0.00,-1014.62,-1096.88,-767.48,-931.91,-515.79,-142.83,-428.30,-1256.45,-636.76,-767.74,-483.96,-765.11,-552.15,-1553.21,-1727.48,-345.47,-6284.44,-3384.00,-395.61,-897.45,-403.63,247.67,-1158.84,-2054.80,-1720.72,-2836.33,-6710.06,-1774.86,-4713.53,-3757.73,-3995.14,1229.68,-5238.84,-4948.56,-1543.53,-4631.25,-987.13,-6047.52,-4015.01,-4771.33,-5742.97,-1586.17,-2470.39,-407.99,-2088.59,-93986.62
"Pets 🐾",-285.69,-748.19,-138.30,-598.10,-168.56,-1403.76,-393.41,-531.68,-580.57,-546.60,-414.95,-281.90,-558.62,-524.95,-408.88,-403.63,-575.17,-885.62,-222.74,-387.25,-593.40,-487.74,-183.40,-79.37,-110.61,-291.36,-326.60,-639.86,-99.76,-103.43,-81.04,-154.46,-155.18,-90.59,-564.00,-98.16,-159.36,-77.66,-171.76,-1102.01,-331.26,-62.53,-215.19,-21.10,-21.10,-361.77,-16279.50
"Clothing/Grooming 👕",-124.47,-474.91,-416.76,-932.52,-699.09,-485.20,-141.67,-434.08,-575.91,-190.32,-393.57,-199.91,-326.14,-823.52,-284.84,-964.60,-181.11,-255.67,-586.26,-132.01,-617.03,-79.28,-297.89,-265.30,-302.43,-215.47,-451.92,-268.12,-119.87,-939.52,-385.16,-174.53,-400.01,-175.45,-447.30,-135.34,-213.36,-551.23,-1088.33,-724.86,-701.22,-787.89,-142.77,-147.03,0.00,-405.64,-18253.87
"Home Improvement 🏗️",0.00,0.00,-52.06,-160.00,-822.83,0.00,-700.00,-695.37,-32.07,-551.39,-58.61,-75.00,1100.00,-4677.45,-263.06,0.00,-110.53,-365.35,-414.31,-114.54,0.00,-3.75,-130.00,-570.00,-223.73,-1126.39,-82.46,0.00,-752.92,-152.35,-96.18,-28.23,-926.20,-177.14,-204.79,-200.00,-65.40,-205.20,-150.00,-1427.17,-1879.68,-1305.79,-546.02,5.64,0.00,-405.34,-18240.33
"Repairs 🛠",0.00,-323.58,0.00,0.00,-822.67,0.00,-243.32,-13.79,-44.50,0.00,-766.21,-251.44,-4773.96,0.00,0.00,-904.26,0.00,-278.14,-1188.49,-638.62,0.00,-1702.97,0.00,-165.72,-335.81,-533.70,-275.00,-42.75,-244.38,-2065.84,-65.24,-844.29,-71.60,0.00,-94.74,0.00,-66.02,-2730.49,0.00,-32.09,0.00,-71.68,-128.02,0.00,0.00,-438.21,-19719.32
"Garden 🌱",0.00,0.00,0.00,0.00,0.00,0.00,0.00,-126.75,0.00,0.00,0.00,0.00,0.00,0.00,0.00,0.00,0.00,0.00,0.00,0.00,-1835.60,-139.50,0.00,0.00,0.00,0.00,-80.72,-119.53,0.00,0.00,-835.82,-349.01,-43.00,-140.36,0.00,-259.44,-12.00,-64.90,-89.85,0.00,0.00,0.00,0.00,0.00,0.00,-91.03,-4096.48
"Holiday/Party Spending 🎉",-288.07,-1043.89,0.00,-15.47,0.00,0.00,-357.29,-67.16,-228.61,-248.64,-362.97,0.00,-186.00,-29.93,-47.13,-219.80,0.00,0.00,-171.65,-312.04,-84.67,-148.89,0.00,-568.87,-175.94,-149.07,0.00,0.00,-182.93,-78.11,-80.24,-237.52,-238.63,-403.91,0.00,-57.24,0.00,-4.26,-24.55,-67.10,-72.93,0.00,0.00,-187.48,0.00,-140.91,-6340.99
"Gifts/Presents 🎁",0.00,-437.22,-59.59,-91.65,0.00,-168.98,-207.96,-40.68,-81.19,-220.63,-126.73,-40.00,0.00,0.00,-80.00,0.00,-80.00,-160.18,-30.99,-333.47,0.00,-446.88,-141.19,-145.99,-167.28,-85.38,-50.00,0.00,0.00,0.00,-7.43,-36.36,-44.95,0.00,0.00,0.00,0.00,-375.06,-85.44,0.00,0.00,-11.90,0.00,0.00,0.00,-83.49,-3757.13
"Charity / Giving",0.00,0.00,-74.23,-157.50,0.00,0.00,0.00,0.00,-333.00,0.00,-100.00,0.00,0.00,0.00,0.00,0.00,0.00,0.00,0.00,0.00,0.00,0.00,0.00,0.00,0.00,0.00,0.00,0.00,-60.50,-5.00,0.00,0.00,0.00,0.00,0.00,0.00,0.00,0.00,0.00,0.00,0.00,0.00,0.00,0.00,0.00,-16.23,-730.23
"SSC Honors Purchases (will be reimbursed)",0.00,0.00,0.00,0.00,0.00,0.00,0.00,0.00,0.00,0.00,0.00,0.00,0.00,0.00,0.00,0.00,0.00,0.00,0.00,0.00,0.00,0.00,0.00,-11.55,-400.00,400.00,-29.80,0.00,0.00,-8.03,112.19,0.00,0.00,0.00,0.00,-5.33,0.00,0.00,0.00,0.00,0.00,0.00,0.00,0.00,0.00,1.28,57.48
"Money Shuffling",0.00,0.00,0.00,0.00,0.00,0.00,0.00,0.00,0.00,0.00,0.00,0.00,0.00,-99.00,0.00,0.00,0.00,0.00,0.00,0.00,39.26,0.00,0.00,0.00,0.00,0.00,0.00,0.00,0.00,0.00,0.00,0.00,0.00,0.00,0.00,0.00,0.00,0.00,0.00,-636.63,0.00,0.00,0.00,0.00,0.00,-15.47,-696.37
"Unknown",0.00,0.00,-159.51,-111.06,0.00,0.00,0.00,0.00,0.00,0.00,0.00,0.00,0.00,0.00,0.00,0.00,0.00,0.00,0.00,0.00,0.00,0.00,-8.13,0.00,0.00,0.00,-34.05,0.00,-76.48,-37.25,0.00,-9.61,-128.11,-132.16,-141.18,-147.84,2.34,-2.06,-0.86,-0.01,-10.44,9.09,-2.63,-2.11,0.00,-22.05,-992.06
"Fixed Monthly Expenses",-856.41,-1496.55,-1813.63,-2496.96,-2143.25,-1888.14,-2266.25,-2772.60,-2579.84,-2587.70,-2668.50,-2386.25,-3215.77,-1793.71,-3568.07,-1762.36,-2278.38,-3415.83,-3816.52,-4958.46,-2729.87,-2219.83,-3689.24,4739.05,-3349.59,-2792.71,-3136.67,-2517.71,-2110.54,-3175.24,-3831.57,-4226.49,-3577.03,-3492.59,-4105.01,-3120.26,-4130.58,-3282.27,-6607.61,-1570.38,-3656.94,-6024.24,-3421.32,-4504.52,-2130.01,-2876.19,-129428.35
"Utilities 🚿",0.00,-153.19,-150.27,-168.73,-179.63,-111.98,-98.80,-80.71,-117.92,-147.19,-143.64,-151.29,-153.50,-136.71,-168.59,-158.00,-125.91,-181.81,-206.70,-170.13,-145.51,-113.10,-81.52,-88.49,-78.47,-122.28,-117.85,-154.02,-155.79,-163.33,-152.08,-181.19,-149.46,-147.09,-168.03,-155.85,-159.67,-149.57,-160.02,-121.62,-115.77,-139.91,-119.97,-154.25,0.00,-135.55,-6099.54
"Electricity 💡",0.00,-284.73,-265.02,-355.74,-390.78,-364.64,-352.96,-319.12,-269.36,-287.69,-301.00,-288.35,-297.42,-324.42,0.00,-667.84,0.00,-459.76,-445.78,-449.89,-358.73,-270.15,-272.97,-258.38,-244.38,-246.34,-264.61,-355.68,-386.75,-423.06,-486.74,-479.06,-398.82,-656.76,0.00,-166.67,-330.69,-323.96,-367.18,-463.23,-638.79,-664.06,-726.32,-694.94,-540.94,-358.75,-16143.71
"Cable & Internet 🖥️",-74.99,-74.99,-74.99,-74.99,-94.99,-94.99,-94.99,-94.99,-94.99,-94.99,-94.99,-99.99,-99.99,-99.99,-99.99,-99.99,-99.99,-99.99,-60.00,-80.00,-80.00,-80.00,-80.00,-80.00,-80.00,-80.00,-80.00,-80.00,-80.00,-80.00,-80.00,-80.00,-80.00,-80.00,-80.00,-80.00,-80.00,-80.00,-80.00,-80.00,-80.00,-80.00,-80.00,-80.00,0.00,-82.77,-3724.82
"Cleaning ✨",-221.50,-310.00,-315.00,-350.00,-165.00,-340.00,-827.50,-340.00,-495.00,-175.00,-330.00,-366.63,-355.00,0.00,-20.00,0.00,-10.00,-495.00,-165.00,-330.00,-330.00,-330.00,-445.00,-185.00,-495.00,-340.00,-370.00,-330.00,0.00,-330.00,-340.00,-330.00,-330.00,-370.00,-533.75,-339.00,-345.00,-330.00,-950.00,-165.00,-558.00,-165.00,-195.64,-10.00,0.00,-305.04,-13727.02
"Phone 📱",0.00,-143.44,-153.44,-161.79,-155.15,-239.03,-154.50,-154.50,-154.50,-259.94,-154.50,-182.10,-154.50,-154.50,-154.50,-168.70,-154.50,-157.96,-154.50,-154.50,-154.50,-154.50,-114.73,-132.96,-132.96,-132.96,-132.95,-132.95,-132.95,-132.97,-155.49,-132.97,-132.97,-132.97,-132.97,-132.97,-132.97,-132.97,-135.25,-135.25,-135.25,-135.25,-135.25,-135.25,-135.27,-145.65,-6554.03
"Pest Control 🐜",0.00,-120.20,0.00,-139.95,-120.20,0.00,0.00,0.00,-120.20,0.00,0.00,0.00,0.00,-120.20,0.00,0.00,-120.20,0.00,0.00,-120.20,0.00,0.00,-127.40,0.00,0.00,0.00,0.00,0.00,0.00,0.00,0.00,-78.40,0.00,0.00,-135.00,0.00,0.00,-135.00,0.00,0.00,0.00,-135.00,0.00,-135.00,0.00,-35.71,-1606.95
"Pool Service 🏊",-230.00,-410.00,-525.00,0.00,-650.00,-350.00,-350.00,0.00,-350.00,-700.00,0.00,-350.00,-350.00,0.00,-350.00,-175.00,-175.00,-325.00,0.00,-350.00,0.00,0.00,-350.00,0.00,-350.00,0.00,-350.00,-175.00,-175.00,-175.00,0.00,-175.00,-350.00,0.00,-350.00,0.00,-350.00,0.00,-525.00,0.00,-175.00,-350.00,-175.00,-175.00,0.00,-218.67,-9840.00
"Home Insurance 💥",-329.92,0.00,-329.91,-1245.76,-387.50,-387.50,-387.50,-387.50,-387.50,-387.50,-387.50,-387.50,-387.50,-387.50,-996.73,-424.83,-424.83,-424.83,-424.84,-424.83,-424.84,-424.83,-424.84,-424.83,-424.84,-424.83,-984.78,-470.58,-470.58,-470.58,-470.59,-470.58,-470.59,-470.58,-470.59,-470.58,-470.59,-470.58,-1020.58,-427.33,-427.33,-427.33,-427.34,-427.33,0.00,-461.53,-20768.93
"School 🏫",0.00,0.00,0.00,0.00,0.00,0.00,0.00,-1395.78,-590.37,-535.39,-605.39,-560.39,-575.39,-570.39,-555.39,0.00,0.00,-1207.30,-1013.30,-681.10,-1153.30,-774.25,-1123.30,-1008.30,-789.47,-1073.30,-763.48,-95.00,0.00,-1327.30,-1427.19,-1582.19,-1592.19,-1562.19,-1477.19,-1552.19,-1557.19,-1587.19,-1597.18,-75.00,-1433.80,-1433.80,-1458.80,-1448.80,-1453.80,-836.37,-37636.59
"Orthodontist 😬",0.00,0.00,0.00,0.00,0.00,0.00,0.00,0.00,0.00,0.00,0.00,0.00,0.00,0.00,0.00,0.00,0.00,0.00,0.00,-347.50,-73.00,-73.00,-73.00,-73.00,-73.00,-373.00,-73.00,-73.00,-73.00,-73.00,-73.00,-73.00,-73.00,-73.00,-73.00,-223.00,-73.00,-73.00,-73.00,-73.00,-73.00,-73.00,-73.00,-73.00,0.00,-56.66,-2549.50
"Mel Education",0.00,0.00,0.00,0.00,0.00,0.00,0.00,0.00,0.00,0.00,-651.48,0.00,-842.47,0.00,-1222.87,-68.00,-1167.95,-64.18,-1346.40,-1850.31,-9.99,0.00,-596.48,6990.01,-681.47,0.00,0.00,-651.48,-636.47,0.00,-646.48,-644.10,0.00,0.00,-684.48,0.00,-631.47,0.00,-1699.40,-29.95,-20.00,-2420.89,-30.00,-1170.95,0.00,-239.49,-10777.26
"Fixed Infrequent Expenses",0.00,0.00,-420.00,0.00,-719.00,-420.00,0.00,0.00,-420.00,-99.50,-773.00,-480.00,-3365.86,-48.95,-480.00,0.00,-1045.00,-480.00,0.00,0.00,-480.00,0.00,-1141.00,-3959.28,0.00,-156.50,-540.00,-1157.00,0.00,-597.20,0.00,0.00,-3937.19,0.00,-1158.00,-600.00,0.00,-422.32,-600.00,0.00,-2004.00,-600.00,0.00,0.00,-450.00,-590.08,-26553.80
"Property Taxes 💰",0.00,0.00,0.00,0.00,0.00,0.00,0.00,0.00,0.00,0.00,0.00,0.00,-3365.86,0.00,0.00,0.00,0.00,0.00,0.00,0.00,0.00,0.00,0.00,-3419.28,0.00,0.00,0.00,0.00,0.00,0.00,0.00,0.00,-3397.19,0.00,0.00,0.00,0.00,0.00,0.00,0.00,0.00,0.00,0.00,0.00,0.00,-226.27,-10182.33
"Car Insurance 🚨",0.00,0.00,0.00,0.00,-719.00,0.00,0.00,0.00,0.00,0.00,-773.00,0.00,0.00,-48.95,0.00,0.00,-1045.00,0.00,0.00,0.00,0.00,0.00,-1141.00,0.00,0.00,0.00,0.00,-1157.00,0.00,0.00,0.00,0.00,0.00,0.00,-1158.00,0.00,0.00,-413.12,0.00,0.00,-2004.00,0.00,0.00,0.00,0.00,-187.98,-8459.07
"Vehicle Registration 📜",0.00,0.00,0.00,0.00,0.00,0.00,0.00,0.00,0.00,-99.50,0.00,0.00,0.00,0.00,0.00,0.00,0.00,0.00,0.00,0.00,0.00,0.00,0.00,0.00,0.00,-156.50,0.00,0.00,0.00,-57.20,0.00,0.00,0.00,0.00,0.00,0.00,0.00,-9.20,0.00,0.00,0.00,0.00,0.00,0.00,0.00,-7.16,-322.40
"Kids' College Funds 🎓",0.00,0.00,-420.00,0.00,0.00,-420.00,0.00,0.00,-420.00,0.00,0.00,-480.00,0.00,0.00,-480.00,0.00,0.00,-480.00,0.00,0.00,-480.00,0.00,0.00,-540.00,0.00,0.00,-540.00,0.00,0.00,-540.00,0.00,0.00,-540.00,0.00,0.00,-600.00,0.00,0.00,-600.00,0.00,0.00,-600.00,0.00,0.00,-450.00,-168.67,-7590.00
"Fun Money",-199.64,-846.63,-509.36,-655.68,-540.37,-560.51,-1387.18,-1244.05,-1221.11,-246.45,-82.28,-664.87,-710.63,-736.02,-878.45,-1781.37,-310.71,-256.62,-1042.31,-652.94,-345.94,-73.64,-64.56,-269.18,-505.70,-743.74,-618.88,-2766.77,-2847.20,-2065.27,-673.75,-1025.63,-1320.49,-1303.80,-762.31,-684.52,-413.03,-1954.35,-889.31,-2509.30,-227.04,-322.91,-683.53,-300.51,-165.55,-845.87,-38064.09
"Colin's Discretionary 🎮",-60.00,-16.08,-113.54,-57.51,-81.08,-238.13,-75.48,-157.16,-301.45,-80.46,13.33,-24.00,-51.39,-108.98,-100.15,-693.15,-162.64,-53.93,-136.14,-24.85,-14.01,46.74,40.58,-8.98,-127.87,-254.88,-198.08,-139.05,-36.23,-73.50,-75.13,-122.18,-344.95,-12.06,-59.73,-320.81,25.67,-196.62,-104.21,-77.65,-99.36,-91.86,-90.35,-119.67,-78.30,-112.34,-5055.28
"Melanie's Discretionary 🌱",0.00,-70.71,-125.45,-62.39,-54.77,-223.49,-181.00,-144.71,-135.80,0.00,-75.61,-229.85,-52.42,-4.00,-166.77,-17.97,0.00,0.00,-405.42,-278.48,0.00,-41.03,0.00,-13.26,-9.88,-138.42,0.00,-118.16,-74.00,-174.00,0.00,-138.17,-177.54,-54.31,-53.56,-40.00,-22.41,-345.00,-117.33,-6.99,0.00,-2.43,111.56,0.00,180.56,-76.96,-3463.21
"Erivyn Discretionary",0.00,0.00,0.00,0.00,0.00,0.00,0.00,0.00,0.00,0.00,0.00,0.00,0.00,0.00,0.00,0.00,0.00,0.00,0.00,0.00,0.00,0.00,0.00,0.00,0.00,0.00,0.00,0.00,0.00,0.00,0.00,0.00,0.00,0.00,0.00,0.00,0.00,0.00,0.00,-63.02,0.00,-58.00,-215.46,-4.23,0.00,-7.57,-340.71
"Date Night 💞",0.00,-80.86,-137.97,-79.10,-152.82,0.00,-93.82,-121.21,-280.85,-16.19,0.00,-67.32,0.00,-232.34,-5.39,0.00,0.00,0.00,-153.40,-49.54,-99.12,0.00,0.00,-89.35,-47.46,-9.88,-20.64,0.00,-45.23,-776.55,-40.65,-108.49,0.00,-91.82,-58.84,-120.18,0.00,0.00,0.00,0.00,0.00,-29.50,-13.00,0.00,-82.54,-68.98,-3104.06
"Fun/Entertainment 🎉",-139.64,-678.98,-132.40,-456.68,-251.70,-98.89,-1036.88,-820.97,-503.01,-149.80,-20.00,-343.70,-606.82,-390.70,-606.14,-1070.25,-148.07,-202.69,-347.35,-300.07,-232.81,-79.35,-105.14,-157.59,-320.49,-340.56,-400.16,-2509.56,-2691.74,-1041.22,-557.97,-656.79,-798.00,-1145.61,-590.18,-203.53,-416.29,-1412.73,-667.77,-2361.64,-127.68,-141.12,-476.28,-176.61,-185.27,-580.02,-26100.83
"Subscriptions ⏱️",-2.99,-61.86,-131.27,-84.48,-136.92,-79.26,-136.32,-243.17,-197.12,-44.13,-501.53,-161.68,-232.60,-93.46,-148.44,-114.58,-160.63,-146.23,-273.90,-51.12,-348.59,-127.75,-257.84,-291.00,-428.85,-57.24,-143.38,-65.39,-185.65,-143.11,-285.68,-170.06,-262.05,-170.07,-110.16,-322.98,-258.78,-99.60,-199.16,-325.52,-229.29,-124.59,-176.76,-127.40,-296.54,-182.43,-8209.13
"1SE",0.00,0.00,0.00,0.00,0.00,0.00,0.00,0.00,0.00,0.00,0.00,0.00,0.00,0.00,0.00,0.00,0.00,0.00,0.00,0.00,0.00,0.00,0.00,0.00,0.00,0.00,0.00,0.00,0.00,0.00,0.00,-29.99,0.00,0.00,0.00,0.00,0.00,0.00,0.00,0.00,0.00,0.00,0.00,0.00,0.00,-0.67,-29.99
"AAA",0.00,0.00,0.00,0.00,0.00,0.00,0.00,0.00,0.00,0.00,0.00,0.00,0.00,0.00,0.00,0.00,0.00,0.00,0.00,0.00,0.00,0.00,0.00,0.00,0.00,0.00,0.00,0.00,0.00,0.00,-106.00,0.00,0.00,0.00,0.00,0.00,0.00,0.00,0.00,0.00,0.00,0.00,-110.00,0.00,0.00,-4.80,-216.00
"Amazon Kids+",0.00,0.00,0.00,0.00,0.00,0.00,0.00,0.00,0.00,0.00,0.00,0.00,0.00,0.00,0.00,0.00,0.00,0.00,0.00,0.00,0.00,0.00,0.00,0.00,0.00,0.00,0.00,0.00,0.00,0.00,-5.99,-5.99,-5.99,-5.99,-5.99,-5.99,-5.99,-5.99,-5.99,-5.99,-5.99,2.37,0.00,0.00,0.00,-1.41,-63.52
"Amazon Prime",0.00,0.00,0.00,0.00,0.00,0.00,0.00,0.00,0.00,0.00,0.00,0.00,0.00,0.00,0.00,0.00,0.00,0.00,0.00,0.00,0.00,0.00,-140.10,0.00,-14.99,-4.99,-63.50,0.00,0.00,0.00,0.00,0.00,0.00,0.00,0.00,0.00,0.00,0.00,0.00,0.00,0.00,0.00,0.00,0.00,0.00,-4.97,-223.58
"Apple One",0.00,0.00,0.00,0.00,0.00,0.00,0.00,0.00,0.00,0.00,0.00,0.00,0.00,0.00,0.00,0.00,0.00,0.00,0.00,0.00,0.00,0.00,0.00,-40.88,-40.88,-40.87,-73.85,-40.87,-40.08,-40.08,-40.08,-40.08,-40.08,-40.08,0.00,-40.08,-40.08,-40.08,-40.08,-40.08,-40.08,-40.08,-40.22,-74.76,0.00,-19.41,-873.37
"Audible",0.00,0.00,0.00,0.00,0.00,0.00,0.00,0.00,0.00,0.00,0.00,0.00,0.00,0.00,0.00,0.00,0.00,0.00,0.00,0.00,0.00,0.00,-17.00,0.00,-17.00,0.00,0.00,0.00,0.00,0.00,0.00,0.00,0.00,0.00,0.00,0.00,0.00,0.00,0.00,0.00,-17.00,-16.79,0.00,0.00,0.00,-1.51,-67.79
"Calm Harm 🌞",0.00,0.00,0.00,0.00,0.00,0.00,0.00,0.00,0.00,0.00,0.00,0.00,0.00,0.00,0.00,0.00,0.00,0.00,0.00,0.00,0.00,0.00,0.00,0.00,0.00,0.00,0.00,0.00,0.00,-1.99,0.00,0.00,0.00,0.00,0.00,0.00,0.00,0.00,0.00,0.00,0.00,0.00,0.00,0.00,0.00,-0.04,-1.99
"Campaign Logger",0.00,0.00,0.00,0.00,0.00,0.00,0.00,0.00,0.00,0.00,0.00,0.00,0.00,0.00,0.00,0.00,0.00,0.00,0.00,0.00,-47.00,0.00,0.00,0.00,0.00,0.00,0.00,0.00,0.00,0.00,0.00,0.00,0.00,0.00,0.00,0.00,0.00,0.00,0.00,0.00,0.00,0.00,0.00,0.00,0.00,-1.04,-47.00
"Coconote 📝",0.00,0.00,0.00,0.00,0.00,0.00,0.00,0.00,0.00,0.00,0.00,0.00,0.00,0.00,0.00,0.00,0.00,0.00,0.00,0.00,0.00,0.00,0.00,0.00,0.00,0.00,0.00,0.00,0.00,0.00,-99.99,0.00,0.00,0.00,0.00,0.00,0.00,0.00,0.00,0.00,0.00,0.00,0.00,0.00,0.00,-2.22,-99.99
"Cozy Couples",0.00,0.00,0.00,0.00,0.00,0.00,0.00,0.00,0.00,0.00,0.00,0.00,0.00,0.00,0.00,0.00,0.00,0.00,0.00,0.00,0.00,0.00,0.00,0.00,0.00,0.00,0.00,0.00,0.00,0.00,0.00,0.00,0.00,0.00,0.00,0.00,0.00,0.00,0.00,-29.99,0.00,0.00,0.00,0.00,0.00,-0.67,-29.99
"Disney Card Fee",0.00,0.00,0.00,0.00,0.00,0.00,0.00,0.00,0.00,0.00,0.00,0.00,0.00,0.00,0.00,0.00,0.00,0.00,0.00,0.00,0.00,0.00,0.00,0.00,0.00,0.00,0.00,0.00,0.00,0.00,0.00,-49.00,0.00,0.00,0.00,0.00,0.00,0.00,-95.00,0.00,0.00,0.00,0.00,-49.00,0.00,-4.29,-193.00
"Disney+",0.00,0.00,0.00,0.00,0.00,0.00,0.00,0.00,0.00,0.00,0.00,0.00,0.00,0.00,0.00,0.00,0.00,0.00,0.00,0.00,0.00,0.00,0.00,0.00,0.00,0.00,0.00,0.00,-20.66,0.00,0.00,0.00,-182.36,0.00,0.00,0.00,0.00,0.00,0.00,0.00,0.00,0.00,0.00,0.00,-216.55,-9.32,-419.57
"Drive Weather 🚗",0.00,0.00,0.00,0.00,0.00,0.00,0.00,0.00,0.00,0.00,0.00,0.00,0.00,0.00,0.00,0.00,0.00,0.00,0.00,0.00,0.00,0.00,0.00,0.00,0.00,0.00,0.00,0.00,0.00,0.00,0.00,0.00,0.00,0.00,0.00,0.00,-5.99,0.00,0.00,0.00,0.00,0.00,0.00,0.00,0.00,-0.13,-5.99
"Dropout",0.00,0.00,0.00,0.00,0.00,0.00,0.00,0.00,0.00,0.00,0.00,0.00,0.00,0.00,0.00,0.00,0.00,0.00,0.00,0.00,0.00,0.00,0.00,-54.50,0.00,0.00,0.00,0.00,0.00,0.00,0.00,0.00,0.00,0.00,0.00,-68.12,0.00,0.00,0.00,0.00,0.00,0.00,0.00,0.00,0.00,-2.72,-122.62
"Echo Sleep Sounds",0.00,0.00,0.00,0.00,0.00,0.00,0.00,0.00,0.00,0.00,0.00,0.00,0.00,0.00,0.00,0.00,0.00,0.00,0.00,0.00,0.00,0.00,0.00,0.00,-9.99,0.00,0.00,0.00,0.00,0.00,0.00,0.00,0.00,0.00,0.00,0.00,-9.99,0.00,0.00,0.00,0.00,0.00,0.00,0.00,0.00,-0.44,-19.98
"Finch Self Care",0.00,0.00,0.00,0.00,0.00,0.00,0.00,0.00,0.00,0.00,0.00,0.00,0.00,0.00,0.00,0.00,0.00,0.00,0.00,0.00,0.00,0.00,0.00,0.00,0.00,0.00,0.00,0.00,0.00,0.00,0.00,0.00,0.00,-69.99,0.00,-59.99,0.00,0.00,0.00,0.00,0.00,0.00,0.00,0.00,0.00,-2.89,-129.98
"Focus Friend",0.00,0.00,0.00,0.00,0.00,0.00,0.00,0.00,0.00,0.00,0.00,0.00,0.00,0.00,0.00,0.00,0.00,0.00,0.00,0.00,0.00,0.00,0.00,0.00,0.00,0.00,0.00,0.00,0.00,0.00,0.00,0.00,0.00,0.00,0.00,0.00,0.00,0.00,0.00,0.00,0.00,0.00,-14.99,0.00,0.00,-0.33,-14.99
"Gentler Streak 🏃",0.00,0.00,0.00,0.00,0.00,0.00,0.00,0.00,0.00,0.00,0.00,0.00,0.00,0.00,0.00,0.00,0.00,0.00,0.00,0.00,0.00,0.00,0.00,0.00,0.00,0.00,0.00,0.00,0.00,-27.49,0.00,0.00,0.00,0.00,0.00,0.00,0.00,0.00,0.00,0.00,0.00,0.00,0.00,0.00,0.00,-0.61,-27.49
"Google Storage",0.00,0.00,0.00,0.00,0.00,0.00,0.00,0.00,0.00,0.00,0.00,0.00,0.00,0.00,0.00,0.00,0.00,0.00,0.00,0.00,0.00,0.00,0.00,0.00,-2.99,0.00,-2.99,-2.99,-2.99,-2.99,-2.99,-2.99,-2.99,-2.99,-2.99,-2.99,-2.99,-2.99,-2.99,-2.99,-2.99,-2.99,-2.99,1.50,0.00,-1.16,-52.32
"Hearth Display 📒",0.00,0.00,0.00,0.00,0.00,0.00,0.00,0.00,0.00,0.00,0.00,0.00,0.00,0.00,0.00,0.00,0.00,0.00,0.00,0.00,0.00,0.00,0.00,0.00,0.00,0.00,0.00,0.00,-86.40,0.00,0.00,0.00,0.00,0.00,0.00,0.00,0.00,0.00,0.00,0.00,-86.40,0.00,0.00,0.00,0.00,-3.84,-172.80
"Hulu",0.00,0.00,0.00,0.00,0.00,0.00,0.00,0.00,0.00,0.00,0.00,0.00,0.00,0.00,0.00,0.00,0.00,0.00,0.00,0.00,0.00,0.00,0.00,0.00,0.00,0.00,0.00,0.00,0.00,0.00,0.00,0.00,0.00,0.00,-11.39,0.00,0.00,0.00,-4.56,-4.56,-4.56,-4.56,-4.56,-1.14,0.00,-0.79,-35.33
"LastPass",0.00,0.00,0.00,0.00,0.00,0.00,0.00,0.00,0.00,0.00,0.00,0.00,0.00,0.00,0.00,0.00,0.00,0.00,0.00,0.00,0.00,0.00,0.00,0.00,-48.00,0.00,0.00,0.00,0.00,0.00,0.00,0.00,0.00,0.00,0.00,0.00,-48.00,0.00,0.00,0.00,0.00,0.00,0.00,0.00,0.00,-2.13,-96.00
"Max",0.00,0.00,0.00,0.00,0.00,0.00,0.00,0.00,0.00,0.00,0.00,0.00,0.00,0.00,0.00,0.00,0.00,0.00,0.00,0.00,0.00,0.00,0.00,0.00,0.00,-11.38,0.00,0.00,0.00,-15.94,0.00,-11.38,0.00,0.00,-40.08,0.00,0.00,0.00,0.00,0.00,0.00,0.00,0.00,0.00,0.00,-1.75,-78.78
"Netflix",0.00,0.00,0.00,0.00,0.00,0.00,0.00,0.00,0.00,0.00,0.00,0.00,0.00,0.00,0.00,0.00,0.00,0.00,0.00,0.00,0.00,0.00,-16.74,-17.53,0.00,0.00,0.00,-17.53,-17.53,-17.53,-17.53,-17.53,-17.53,-17.53,-17.53,-17.53,-20.36,-20.36,-20.36,-20.36,-20.36,-20.36,0.00,0.00,0.00,-6.98,-314.20
"Nintendo Online",0.00,0.00,0.00,0.00,0.00,0.00,0.00,0.00,0.00,0.00,0.00,0.00,0.00,0.00,0.00,0.00,0.00,0.00,0.00,0.00,0.00,0.00,0.00,0.00,0.00,0.00,0.00,0.00,0.00,0.00,0.00,0.00,0.00,0.00,0.00,0.00,0.00,0.00,0.00,0.00,0.00,0.00,0.00,0.00,-79.99,-1.78,-79.99
"NY Times",0.00,0.00,0.00,0.00,0.00,0.00,0.00,0.00,0.00,0.00,0.00,0.00,0.00,0.00,0.00,0.00,0.00,0.00,0.00,0.00,0.00,0.00,0.00,0.00,0.00,0.00,-3.04,-4.00,-8.00,-4.00,-4.00,-4.00,-4.00,-4.00,-6.00,-4.00,-4.00,-4.00,-4.00,-4.14,-4.00,-4.00,-4.00,-4.00,0.00,-1.72,-77.18
"Overcast",0.00,0.00,0.00,0.00,0.00,0.00,0.00,0.00,0.00,0.00,0.00,0.00,0.00,0.00,0.00,0.00,0.00,0.00,0.00,0.00,0.00,0.00,0.00,0.00,0.00,0.00,0.00,0.00,-9.99,0.00,0.00,0.00,0.00,0.00,0.00,0.00,0.00,0.00,0.00,0.00,-14.99,0.00,0.00,0.00,0.00,-0.56,-24.98
"Paired 💞",0.00,0.00,0.00,0.00,0.00,0.00,0.00,0.00,0.00,0.00,0.00,0.00,0.00,0.00,0.00,0.00,0.00,0.00,0.00,0.00,0.00,0.00,0.00,0.00,0.00,0.00,0.00,0.00,0.00,-23.99,0.00,0.00,0.00,0.00,0.00,0.00,0.00,0.00,0.00,0.00,0.00,0.00,0.00,0.00,0.00,-0.53,-23.99
"Peacock 🦚",0.00,0.00,0.00,0.00,0.00,0.00,0.00,0.00,0.00,0.00,0.00,0.00,0.00,0.00,0.00,0.00,0.00,0.00,0.00,0.00,0.00,0.00,0.00,0.00,0.00,0.00,0.00,0.00,0.00,0.00,0.00,0.00,0.00,0.00,0.00,0.00,0.00,0.00,0.00,0.00,0.00,-12.00,0.00,0.00,0.00,-0.27,-12.00
"PlayStation Plus",0.00,0.00,0.00,0.00,0.00,0.00,0.00,0.00,0.00,0.00,0.00,0.00,0.00,0.00,0.00,0.00,0.00,0.00,0.00,0.00,0.00,0.00,0.00,0.00,0.00,0.00,0.00,0.00,0.00,0.00,0.00,0.00,0.00,0.00,0.00,0.00,0.00,0.00,0.00,-101.24,-6.74,0.00,0.00,0.00,0.00,-2.40,-107.98
"ServiceOne AC",0.00,0.00,0.00,0.00,0.00,0.00,0.00,0.00,0.00,0.00,0.00,0.00,0.00,0.00,0.00,0.00,0.00,0.00,0.00,0.00,0.00,0.00,0.00,0.00,-295.00,0.00,0.00,0.00,0.00,0.00,0.00,0.00,0.00,0.00,0.00,0.00,0.00,0.00,0.00,0.00,0.00,0.00,0.00,0.00,0.00,-6.56,-295.00
"Simply Draw ✏️",0.00,0.00,0.00,0.00,0.00,0.00,0.00,0.00,0.00,0.00,0.00,0.00,0.00,0.00,0.00,0.00,0.00,0.00,0.00,0.00,0.00,0.00,0.00,0.00,0.00,0.00,0.00,0.00,0.00,0.00,0.00,0.00,0.00,0.00,0.00,0.00,0.00,0.00,0.00,-89.99,0.00,0.00,0.00,0.00,0.00,-2.00,-89.99
"TurboTax",0.00,0.00,0.00,0.00,0.00,0.00,0.00,0.00,0.00,0.00,0.00,0.00,0.00,0.00,0.00,0.00,0.00,0.00,0.00,0.00,0.00,0.00,0.00,-89.00,0.00,0.00,0.00,0.00,0.00,0.00,0.00,0.00,0.00,0.00,0.00,0.00,-95.20,0.00,0.00,0.00,0.00,0.00,0.00,0.00,0.00,-4.09,-184.20
"Vimeo",0.00,0.00,0.00,0.00,0.00,0.00,0.00,0.00,0.00,0.00,0.00,0.00,0.00,0.00,0.00,0.00,0.00,0.00,0.00,0.00,0.00,0.00,-84.00,0.00,0.00,0.00,0.00,0.00,0.00,0.00,0.00,0.00,0.00,0.00,0.00,0.00,0.00,0.00,0.00,0.00,0.00,0.00,0.00,0.00,0.00,-1.87,-84.00
"YNAB",0.00,0.00,0.00,0.00,0.00,0.00,0.00,0.00,0.00,0.00,0.00,0.00,0.00,0.00,0.00,0.00,0.00,0.00,0.00,0.00,0.00,0.00,0.00,-89.09,0.00,0.00,0.00,0.00,0.00,0.00,0.00,0.00,0.00,0.00,0.00,-98.10,0.00,0.00,0.00,0.00,0.00,0.00,0.00,0.00,0.00,-4.16,-187.19
"YouTube Premium",0.00,0.00,0.00,0.00,0.00,0.00,0.00,0.00,0.00,0.00,0.00,0.00,0.00,0.00,0.00,0.00,0.00,0.00,0.00,0.00,0.00,0.00,0.00,0.00,0.00,0.00,0.00,0.00,0.00,-9.10,-9.10,-9.10,-9.10,-29.49,-26.18,-26.18,-26.18,-26.18,-26.18,-26.18,-26.18,-26.18,0.00,0.00,0.00,-6.12,-275.33
"Subscriptions to Categorize📺",-2.99,-61.86,-131.27,-84.48,-136.92,-79.26,-136.32,-243.17,-197.12,-44.13,-501.53,-161.68,-232.60,-93.46,-148.44,-114.58,-160.63,-146.23,-273.90,-51.12,-301.59,-127.75,0.00,0.00,0.00,0.00,0.00,0.00,0.00,0.00,0.00,0.00,0.00,0.00,0.00,0.00,0.00,0.00,0.00,0.00,0.00,0.00,0.00,0.00,0.00,-76.25,-3431.03
"Paying Off",-1923.27,-2464.59,-2464.59,-2477.84,-2491.04,-2491.04,-2491.04,-2269.54,-2269.54,-2323.57,-1496.40,-2094.68,-627.78,20307.27,8346.72,-7191.43,-2165.19,-1552.71,-1575.42,2691.61,-1574.29,-1583.07,-1649.33,-1698.89,-11370.76,-1783.66,-1688.26,-31448.13,-1564.93,-1556.91,-1672.46,-16685.85,-1684.75,-12548.80,-1513.08,-1537.47,-1550.45,-1653.62,-11692.10,-1661.90,-1604.84,-1646.79,-1657.64,-3049.95,0.00,-2780.04,-125102.00
"Apple Pencil ✏️",0.00,0.00,0.00,0.00,0.00,0.00,0.00,0.00,0.00,0.00,0.00,0.00,0.00,0.00,0.00,0.00,0.00,0.00,0.00,0.00,0.00,0.00,0.00,0.00,0.00,0.00,0.00,0.00,-10.74,-10.74,-10.74,-10.86,-54.16,0.00,0.00,0.00,0.00,0.00,0.00,0.00,0.00,0.00,0.00,0.00,0.00,-2.16,-97.24
"iPhone SE",0.00,0.00,0.00,0.00,-13.20,-13.20,-13.20,-13.20,-13.20,-13.20,-13.20,-13.20,-8.29,-13.20,-13.20,-13.20,-13.20,-13.20,-13.20,-21.49,-13.20,-8.29,0.00,0.00,-8.66,-67.28,-10.74,0.00,0.00,0.00,0.00,0.00,0.00,0.00,0.00,0.00,0.00,0.00,0.00,0.00,0.00,0.00,0.00,0.00,0.00,-7.17,-322.75
"iPhone 14",0.00,0.00,0.00,0.00,0.00,0.00,0.00,0.00,0.00,-54.08,-54.08,-54.08,-58.99,-54.08,-54.08,-54.08,-54.08,-54.08,-54.08,-45.79,-54.08,-69.73,0.00,-78.02,-69.36,-113.89,-63.11,-64.82,-54.08,-54.08,-54.08,-54.08,0.00,0.00,0.00,0.00,0.00,0.00,0.00,0.00,0.00,0.00,0.00,0.00,0.00,-29.35,-1320.83
"iPhone 15",0.00,0.00,0.00,0.00,0.00,0.00,0.00,0.00,0.00,0.00,0.00,0.00,0.00,0.00,0.00,0.00,0.00,0.00,0.00,0.00,0.00,0.00,0.00,0.00,0.00,-49.07,-53.24,-62.47,-49.07,-49.07,-49.07,-49.07,-49.07,-49.07,-49.07,-49.07,-49.07,-49.07,-49.07,-49.07,-49.07,-49.07,-49.07,-49.07,0.00,-21.11,-949.90
"Macbook Airs 💻",0.00,-208.25,-208.25,-221.50,-221.50,-221.50,-221.50,0.00,0.00,0.00,0.00,0.00,0.00,0.00,0.00,0.00,0.00,0.00,0.00,0.00,0.00,0.00,0.00,0.00,0.00,0.00,0.00,0.00,0.00,0.00,0.00,0.00,0.00,0.00,0.00,0.00,0.00,0.00,0.00,0.00,0.00,0.00,0.00,0.00,0.00,-28.94,-1302.50
"Mortgage 🏘",-1320.84,-1320.84,-1320.84,-1320.84,-1320.84,-1320.84,-1320.84,-1320.84,-1320.84,-1320.84,-1320.84,-1320.84,-1320.84,-1320.84,-1320.84,-1320.84,-1320.84,-1320.84,-1320.84,-1320.84,-1320.84,-1320.84,-1320.84,-1320.84,-1320.84,-1320.84,-1320.84,-1320.84,-1320.84,-1320.84,-1320.84,-1320.84,-1320.84,-1320.84,-1320.84,-1320.84,-1320.84,-1320.84,-1320.84,-1320.84,-1320.84,-1320.84,-1320.84,-1320.84,0.00,-1291.49,-58116.96
"Car 🚗",-494.15,-494.15,-494.15,-494.15,-494.15,-494.15,-494.15,-494.15,-494.15,-494.15,0.00,0.00,0.00,0.00,0.00,0.00,0.00,0.00,0.00,0.00,0.00,0.00,0.00,0.00,0.00,0.00,0.00,0.00,0.00,0.00,0.00,0.00,0.00,0.00,0.00,0.00,0.00,0.00,0.00,0.00,0.00,0.00,0.00,0.00,0.00,-109.81,-4941.50
"Couch 🛋️",0.00,-333.07,-333.07,-333.07,-333.07,-333.07,-333.07,-333.07,-333.07,-333.02,0.00,0.00,0.00,0.00,0.00,0.00,0.00,0.00,0.00,0.00,0.00,0.00,0.00,0.00,0.00,0.00,0.00,0.00,0.00,0.00,0.00,0.00,0.00,0.00,0.00,0.00,0.00,0.00,0.00,0.00,0.00,0.00,0.00,0.00,0.00,-66.61,-2997.58
"Trampoline 🦘",-108.28,-108.28,-108.28,-108.28,-108.28,-108.28,-108.28,-108.28,-108.28,-108.28,-108.28,-108.28,-108.28,-108.28,-108.24,0.00,0.00,0.00,0.00,0.00,0.00,0.00,0.00,0.00,0.00,0.00,0.00,0.00,0.00,0.00,0.00,0.00,0.00,0.00,0.00,0.00,0.00,0.00,0.00,0.00,0.00,0.00,0.00,0.00,0.00,-36.09,-1624.16
"TrustCo HECL",0.00,0.00,0.00,0.00,0.00,0.00,0.00,0.00,0.00,0.00,0.00,-598.28,868.62,21803.67,9843.08,-5803.31,-777.07,-164.59,-187.30,4079.73,-186.17,-184.21,-328.49,-300.03,-9971.90,-232.58,-240.33,-30000.00,-130.20,-122.18,-237.73,-15251.00,-260.68,-11178.89,-143.17,-167.56,-180.54,-283.71,-10322.19,-291.99,-234.93,-276.88,-287.73,-1680.04,0.00,-1187.30,-53428.58
"Saving Goals",-5500.00,-104.34,-361.20,0.00,-4386.72,-1840.89,0.00,-2117.65,-191.25,-4039.20,-8587.08,-310.52,-982.95,-22943.99,-5475.23,-1548.49,-6096.57,-428.98,0.00,-154.22,-1146.86,-4045.96,-3890.08,-47.92,-1589.76,-1233.59,0.00,411.75,-21329.00,23519.06,-8500.00,-233.13,-3535.55,-3601.56,-11522.90,-450.50,21390.09,-20540.92,-20721.99,-11527.23,-4293.16,-22683.77,-424.67,0.00,-13.90,-3579.57,-161080.83
"Board Game Trip",0.00,0.00,0.00,0.00,0.00,0.00,0.00,0.00,0.00,0.00,0.00,0.00,0.00,0.00,0.00,0.00,0.00,0.00,0.00,0.00,0.00,0.00,0.00,0.00,0.00,0.00,0.00,0.00,0.00,0.00,0.00,0.00,0.00,0.00,0.00,0.00,0.00,-500.00,0.00,0.00,0.00,0.00,0.00,0.00,0.00,-11.11,-500.00
"New York Trip",0.00,0.00,0.00,0.00,0.00,0.00,0.00,0.00,0.00,0.00,0.00,0.00,0.00,0.00,0.00,0.00,0.00,0.00,0.00,0.00,0.00,0.00,0.00,0.00,0.00,0.00,0.00,0.00,0.00,0.00,0.00,0.00,0.00,0.00,0.00,0.00,0.00,-1189.00,0.00,0.00,0.00,0.00,0.00,0.00,0.00,-26.42,-1189.00
"Seattle Trip",0.00,0.00,0.00,0.00,0.00,0.00,0.00,0.00,0.00,0.00,0.00,0.00,0.00,0.00,0.00,0.00,0.00,0.00,0.00,0.00,0.00,0.00,0.00,0.00,0.00,0.00,0.00,0.00,0.00,0.00,0.00,0.00,0.00,0.00,0.00,0.00,-1819.74,-33.70,0.00,0.00,0.00,0.00,0.00,0.00,0.00,-41.19,-1853.44
"Eli Birthday",0.00,0.00,0.00,0.00,0.00,0.00,0.00,0.00,0.00,0.00,0.00,0.00,0.00,0.00,0.00,0.00,0.00,0.00,0.00,0.00,0.00,0.00,0.00,0.00,0.00,0.00,0.00,0.00,0.00,0.00,0.00,0.00,0.00,0.00,0.00,0.00,0.00,0.00,0.00,0.00,0.00,0.00,-408.63,0.00,0.00,-9.08,-408.63
"Taxes",0.00,0.00,0.00,0.00,0.00,0.00,0.00,0.00,0.00,0.00,0.00,0.00,0.00,0.00,0.00,0.00,0.00,0.00,0.00,0.00,0.00,0.00,0.00,0.00,0.00,0.00,0.00,0.00,0.00,0.00,0.00,0.00,0.00,0.00,0.00,0.00,0.00,-1730.00,0.00,0.00,0.00,0.00,0.00,0.00,0.00,-38.44,-1730.00
"Japan",0.00,0.00,0.00,0.00,0.00,0.00,0.00,0.00,0.00,0.00,0.00,0.00,0.00,0.00,0.00,0.00,0.00,0.00,0.00,0.00,0.00,0.00,0.00,0.00,0.00,0.00,0.00,0.00,0.00,0.00,0.00,0.00,0.00,0.00,-1181.36,0.00,0.00,0.00,0.00,0.00,0.00,0.00,0.00,0.00,0.00,-26.25,-1181.36
"Garage Remodel",0.00,0.00,0.00,0.00,0.00,0.00,0.00,0.00,0.00,0.00,0.00,0.00,0.00,0.00,0.00,0.00,0.00,0.00,0.00,0.00,0.00,0.00,0.00,0.00,0.00,0.00,0.00,0.00,0.00,0.00,-8500.00,0.00,-2759.99,-48.99,-4636.00,0.00,23854.15,-16998.22,-19737.49,-9982.80,-3390.95,-20986.32,0.00,0.00,0.00,-1404.15,-63186.61
"Erivyn's Birthday Miami",0.00,0.00,0.00,0.00,0.00,0.00,0.00,0.00,0.00,0.00,0.00,0.00,0.00,0.00,0.00,0.00,0.00,0.00,0.00,0.00,0.00,0.00,0.00,0.00,-469.47,0.00,0.00,0.00,0.00,0.00,0.00,0.00,0.00,0.00,0.00,0.00,0.00,0.00,0.00,0.00,0.00,0.00,0.00,0.00,0.00,-10.43,-469.47
"NC Trip",0.00,0.00,0.00,0.00,0.00,0.00,0.00,0.00,0.00,0.00,0.00,0.00,0.00,0.00,0.00,0.00,0.00,0.00,0.00,0.00,0.00,0.00,0.00,0.00,-652.32,-265.55,0.00,0.00,0.00,0.00,0.00,0.00,0.00,0.00,0.00,0.00,0.00,0.00,0.00,0.00,0.00,0.00,0.00,0.00,0.00,-20.40,-917.87
"Eclipse Trip",0.00,0.00,0.00,0.00,0.00,0.00,0.00,0.00,0.00,0.00,0.00,0.00,0.00,0.00,0.00,0.00,0.00,0.00,0.00,0.00,0.00,0.00,0.00,0.00,-373.25,-374.04,0.00,0.00,0.00,0.00,0.00,0.00,0.00,0.00,0.00,0.00,0.00,0.00,0.00,0.00,0.00,0.00,0.00,0.00,0.00,-16.61,-747.29
"School Registration",0.00,0.00,0.00,0.00,0.00,0.00,0.00,0.00,0.00,0.00,-3210.00,0.00,0.00,0.00,0.00,0.00,0.00,0.00,0.00,0.00,0.00,0.00,-3765.00,0.00,0.00,0.00,0.00,0.00,0.00,0.00,0.00,0.00,0.00,0.00,-3930.00,0.00,0.00,0.00,0.00,0.00,0.00,0.00,0.00,0.00,0.00,-242.33,-10905.00
"Christmas 🎄",0.00,0.00,0.00,0.00,0.00,0.00,0.00,0.00,-191.25,-1922.70,-101.68,0.00,-13.90,0.00,0.00,0.00,0.00,0.00,0.00,-154.22,-280.09,-2079.78,0.00,0.00,0.00,0.00,0.00,0.00,0.00,0.00,0.00,-233.13,-775.56,-2501.35,0.00,0.00,-64.21,0.00,0.00,0.00,0.00,0.00,-16.04,0.00,-13.90,-185.51,-8347.81
"Emergency Fund $30k goal 🦺",0.00,-104.34,0.00,0.00,0.00,-1595.00,0.00,-1787.65,0.00,0.00,0.00,0.00,0.00,0.00,0.00,0.00,0.00,0.00,0.00,0.00,0.00,0.00,0.00,0.00,0.00,0.00,0.00,0.00,0.00,0.00,0.00,0.00,0.00,0.00,0.00,0.00,0.00,0.00,0.00,0.00,0.00,0.00,0.00,0.00,0.00,-77.49,-3486.99
"Travel ✈️ Next trip: Disney Camping Dec 2025",0.00,0.00,-361.20,0.00,-4386.72,-245.89,0.00,-330.00,0.00,-2116.50,-5275.40,-297.66,-519.05,8.72,-1344.57,0.00,0.00,0.00,0.00,0.00,0.00,0.00,0.00,0.00,0.00,0.00,0.00,-5.25,0.00,0.00,0.00,0.00,0.00,-1051.22,-1775.54,0.00,-14.57,0.00,0.00,0.00,0.00,-210.38,0.00,0.00,0.00,-398.34,-17925.23
"Air Conditioning ",0.00,0.00,0.00,0.00,0.00,0.00,0.00,0.00,0.00,0.00,0.00,0.00,0.00,0.00,0.00,0.00,0.00,0.00,0.00,0.00,0.00,0.00,0.00,0.00,0.00,0.00,0.00,0.00,-21329.00,25000.00,0.00,0.00,0.00,0.00,0.00,0.00,0.00,0.00,0.00,0.00,0.00,0.00,0.00,0.00,0.00,81.58,3671.00
"Summer Stuff 🌞",0.00,0.00,0.00,0.00,0.00,0.00,0.00,0.00,0.00,0.00,0.00,0.00,0.00,0.00,-1159.00,-1407.50,0.00,0.00,0.00,0.00,0.00,0.00,0.00,0.00,0.00,-594.00,0.00,417.00,0.00,0.00,0.00,0.00,0.00,0.00,0.00,-450.50,-9.58,-90.00,-984.50,-1544.43,-869.66,-660.64,0.00,0.00,0.00,-163.40,-7352.81
"Colin WBC Trip 🎲",0.00,0.00,0.00,0.00,0.00,0.00,0.00,0.00,0.00,0.00,0.00,0.00,0.00,0.00,0.00,0.00,0.00,0.00,0.00,0.00,0.00,0.00,0.00,0.00,0.00,0.00,0.00,0.00,0.00,0.00,0.00,0.00,0.00,0.00,0.00,0.00,-555.96,0.00,0.00,0.00,-32.55,-826.43,0.00,0.00,0.00,-31.44,-1414.94
"Japan Trip",0.00,0.00,0.00,0.00,0.00,0.00,0.00,0.00,0.00,0.00,0.00,0.00,-450.00,-5037.26,-2971.66,-140.99,-6496.57,371.02,0.00,0.00,0.00,0.00,0.00,0.00,0.00,0.00,0.00,0.00,0.00,0.00,0.00,0.00,0.00,0.00,0.00,0.00,0.00,0.00,0.00,0.00,0.00,0.00,0.00,0.00,0.00,-327.23,-14725.46
"🌸 Roth IRA",0.00,0.00,0.00,0.00,0.00,0.00,0.00,0.00,0.00,0.00,0.00,0.00,0.00,-1000.00,0.00,0.00,0.00,0.00,0.00,0.00,0.00,0.00,0.00,0.00,0.00,0.00,0.00,0.00,0.00,0.00,0.00,0.00,0.00,0.00,0.00,0.00,0.00,0.00,0.00,0.00,0.00,0.00,0.00,0.00,0.00,-22.22,-1000.00
"Roth IRAs 💵",-5500.00,0.00,0.00,0.00,0.00,0.00,0.00,0.00,0.00,0.00,0.00,0.00,0.00,0.00,0.00,0.00,0.00,0.00,0.00,0.00,0.00,0.00,0.00,0.00,0.00,0.00,0.00,0.00,0.00,0.00,0.00,0.00,0.00,0.00,0.00,0.00,0.00,0.00,0.00,0.00,0.00,0.00,0.00,0.00,0.00,-122.22,-5500.00
"Kevin's Wedding",0.00,0.00,0.00,0.00,0.00,0.00,0.00,0.00,0.00,0.00,0.00,0.00,0.00,0.00,0.00,0.00,0.00,0.00,0.00,0.00,-314.81,-1743.38,-122.63,0.00,0.00,0.00,0.00,0.00,0.00,0.00,0.00,0.00,0.00,0.00,0.00,0.00,0.00,0.00,0.00,0.00,0.00,0.00,0.00,0.00,0.00,-48.46,-2180.82
"Colin RI Trip",0.00,0.00,0.00,0.00,0.00,0.00,0.00,0.00,0.00,0.00,0.00,0.00,0.00,0.00,0.00,0.00,0.00,0.00,0.00,0.00,0.00,-222.80,-2.45,-47.92,-94.72,0.00,0.00,0.00,0.00,0.00,0.00,0.00,0.00,0.00,0.00,0.00,0.00,0.00,0.00,0.00,0.00,0.00,0.00,0.00,0.00,-8.18,-367.89
"Camping at the Beach",0.00,0.00,0.00,0.00,0.00,0.00,0.00,0.00,0.00,0.00,0.00,0.00,0.00,0.00,0.00,0.00,0.00,0.00,0.00,0.00,-551.96,0.00,0.00,0.00,0.00,0.00,0.00,0.00,0.00,0.00,0.00,0.00,0.00,0.00,0.00,0.00,0.00,0.00,0.00,0.00,0.00,0.00,0.00,0.00,0.00,-12.27,-551.96
"Jackie Colorado Move",0.00,0.00,0.00,0.00,0.00,0.00,0.00,0.00,0.00,0.00,0.00,0.00,0.00,0.00,0.00,0.00,400.00,-800.00,0.00,0.00,0.00,0.00,0.00,0.00,0.00,0.00,0.00,0.00,0.00,0.00,0.00,0.00,0.00,0.00,0.00,0.00,0.00,0.00,0.00,0.00,0.00,0.00,0.00,0.00,0.00,-8.89,-400.00
"Another Car 🏎️ ",0.00,0.00,0.00,0.00,0.00,0.00,0.00,0.00,0.00,0.00,0.00,-12.86,0.00,-16915.45,0.00,0.00,0.00,0.00,0.00,0.00,0.00,0.00,0.00,0.00,0.00,0.00,0.00,0.00,0.00,0.00,0.00,0.00,0.00,0.00,0.00,0.00,0.00,0.00,0.00,0.00,0.00,0.00,0.00,0.00,0.00,-376.18,-16928.31
"Canada Trip",0.00,0.00,0.00,0.00,0.00,0.00,0.00,0.00,0.00,0.00,0.00,0.00,0.00,0.00,0.00,0.00,0.00,0.00,0.00,0.00,0.00,0.00,0.00,0.00,0.00,0.00,0.00,0.00,0.00,-1480.94,0.00,0.00,0.00,0.00,0.00,0.00,0.00,0.00,0.00,0.00,0.00,0.00,0.00,0.00,0.00,-32.91,-1480.94
"Total Expenses",-11428.67,-15839.15,-12813.08,-16535.79,-19327.59,-17343.58,-14253.50,-16047.75,-13904.25,-13808.59,-21550.18,-13351.22,-20528.73,-16858.65,-10020.46,-22288.64,-16159.82,-18813.57,-18175.20,-10268.58,-16413.21,-17804.52,-15036.21,-6849.92,-26398.28,-14827.77,-14077.86,-48811.89,-36478.32,3282.15,-25290.39,-33584.38,-19962.85,-34253.17,-33646.24,-14897.18,4636.66,-39067.70,-54466.15,-31628.72,-24865.43,-43886.39,-12745.87,-14498.51,-5044.74,-19909.64,-895933.89
"Net Income",-6388.90,-9342.50,26408.07,-9138.77,3532.25,-9125.21,6722.38,-3444.60,2976.73,-340.45,-14296.92,3416.77,-5370.75,-9106.36,17401.98,10132.75,-9157.54,1862.69,-9786.79,-235.28,6928.17,-1667.99,-5798.61,21241.82,-16800.04,-4632.53,26671.08,-19419.86,-25523.00,28259.03,10175.05,2972.13,11940.11,-25435.88,-19030.12,2405.34,46816.48,-31818.49,-10393.40,13900.45,-19015.48,1941.37,-1751.68,24.97,-175.52,-477.05,-21467.05